Workbook
Name Foto: Pit_Input!$U$2
Name TeamFoto: INDEX(Pit_Input!$T:$T,MATCH(Per_Team!$A$2,Pit_Input!$C:$C,0))
Name TeamFoto2: INDEX('[1]Pit Input'!$N:$N,MATCH('[2]Per Team'!$A$2,'[1]Pit Input'!$C:$C,0))

Sheet Data_Input
A1: Scouter Initials | B1: Match Number | C1: Robot | D1: Team Number | E1: Starting Position | F1: No Show | G1: Preload | H1: Moved? | I1: Shoot | J1: Climbing | K1: PickUp Ground | L1: PickUP Human Player | M1: PickUp Depot | N1: +1 | O1: +3 | P1: +5 | Q1: Amount in Hub | R1: Defence/ to other side | S1: End Position | T1: Died? | U1: Tipped/Fell Over? | V1: Comments | W1: driver skill
A2: Anita karki | B2: 1 | C2: R1 | D2: 6479 | E2: O | F2: false | G2: true | H2: true | I2: false | J2: NA | K2: true | L2: false | M2: false | N2: 5 | O2: 3 | P2: 95 | Q2: 80 | R2: false | S2: NA | T2: false | U2: false | V2: doen goed mee | W2: 4
A3: Jippe | B3: 1 | C3: B2 | D3: 2403 | E3: D | F3: false | G3: true | H3: false | I3: false | J3: NA | K3: true | L3: false | M3: false | N3: 2 | O3: 6 | P3: 30 | Q3: 52 | R3: false | S3: NA | T3: false | U3: false | V3: A lot of shots go to far | W3: 4 | Y3: 60 | Z3: =COUNTIF(Tabel1[Team Number],Y3) -> 5
A4: LeoV | B4: 1 | C4: R3 | D4: 9091 | E4: H | F4: true | G4: false | H4: false | I4: false | J4: NA | K4: false | L4: false | M4: false | N4: 0 | O4: 0 | P4: 0 | Q4: 100 | R4: false | S4: NA | T4: false | U4: false | W4: 1 | Y4: 244 | Z4: =COUNTIF(Tabel1[Team Number],Y4) -> 9
A5: Nick | B5: 1 | C5: B3 | D5: 10114 | E5: H | F5: false | G5: true | H5: true | I5: true | J5: L1 | K5: true | L5: false | M5: false | N5: 5 | O5: 0 | P5: 35 | Q5: 60 | R5: false | S5: NA | T5: false | U5: false | V5: Fast, brings balls from Middle before picking up. Efficient for team | W5: 4 | Y5: 288 | Z5: =COUNTIF(Tabel1[Team Number],Y5) -> 7
A6: Anita Karki | B6: 2 | C6: R3 | D6: 6833 | E6: H | F6: false | G6: true | H6: true | I6: true | J6: NA | K6: true | L6: false | M6: false | N6: 0 | O6: 9 | P6: 0 | Q6: 76 | R6: true | S6: NA | T6: false | U6: false | V6: mainly pushed fuel around | W6: 4 | Y6: 698 | Z6: =COUNTIF(Tabel1[Team Number],Y6) -> 5
A7: Jippe | B7: 2 | C7: R2 | D7: 2478 | E7: D | F7: false | G7: true | H7: true | I7: false | J7: NA | K7: true | L7: false | M7: false | N7: 0 | O7: 0 | P7: 0 | Q7: 100 | R7: false | S7: A | T7: true | U7: false | V7: Died right after auto | W7: 5 | Y7: 987 | Z7: =COUNTIF(Tabel1[Team Number],Y7) -> 6
A8: LeoV | B8: 2 | C8: B3 | D8: 2662 | E8: D | F8: false | G8: false | H8: false | I8: false | J8: NA | K8: true | L8: false | M8: false | N8: 0 | O8: 0 | P8: 0 | Q8: 1 | R8: false | S8: NA | T8: false | U8: false | V8: Looks like ilthenintake broke and the they did not shoot | W8: 2 | Y8: 991 | Z8: =COUNTIF(Tabel1[Team Number],Y8) -> 8
A9: Nick | B9: 2 | C9: B1 | D9: 991 | E9: O | F9: false | G9: true | H9: true | I9: true | J9: NA | K9: true | L9: true | M9: false | N9: 1 | O9: 9 | P9: 25 | Q9: 16 | R9: false | S9: NA | T9: false | U9: false | V9: Fast, gets balls from outposts during auto, missies a lot | W9: 4 | Y9: 996 | Z9: =COUNTIF(Tabel1[Team Number],Y9) -> 4
A10: Jippe | B10: 3 | C10: R2 | D10: 3424 | E10: H | F10: false | G10: true | H10: false | I10: false | J10: NA | K10: true | L10: false | M10: false | N10: 0 | O10: 0 | P10: 0 | Q10: 100 | R10: false | S10: NA | T10: false | U10: false | W10: 5 | Y10: 1165 | Z10: =COUNTIF(Tabel1[Team Number],Y10) -> 5
A11: LeoV | B11: 3 | C11: B1 | D11: 10506 | E11: H | F11: false | G11: true | H11: false | I11: false | J11: NA | K11: true | L11: false | M11: false | N11: 0 | O11: 0 | P11: 0 | Q11: 1 | R11: false | S11: NA | T11: false | U11: false | V11: Only moved balls to the alliance zone. Intake broke down | W11: 2 | Y11: 1212 | Z11: =COUNTIF(Tabel1[Team Number],Y11) -> 3
A12: Mil g | B12: 3 | C12: B2 | D12: 9059 | E12: D | F12: false | G12: true | H12: true | I12: false | J12: NA | K12: false | L12: false | M12: false | N12: 0 | O12: 3 | P12: 0 | Q12: 1 | R12: false | S12: NA | T12: false | U12: false | V12: Got stuck on fuel, and didn»t do much during the game | W12: 3 | Y12: 1410 | Z12: =COUNTIF(Tabel1[Team Number],Y12) -> 7
A13: Nick | B13: 3 | C13: R3 | D13: 987 | E13: O | F13: false | G13: true | H13: true | I13: true | J13: NA | K13: false | L13: false | M13: false | N13: 4 | O13: 18 | P13: 140 | Q13: 42 | R13: false | S13: NA | T13: true | U13: false | V13: Great passing, fast handeling, can go over and under, shoots fast | W13: 4 | Y13: 1828 | Z13: =COUNTIF(Tabel1[Team Number],Y13) -> 6
A14: Jippe | B14: 4 | C14: R3 | D14: 8714 | E14: O | F14: false | G14: true | H14: false | I14: false | J14: NA | K14: false | L14: false | M14: false | N14: 2 | O14: 6 | P14: 10 | Q14: 23 | R14: false | S14: NA | T14: false | U14: false | W14: 3 | Y14: 2080 | Z14: =COUNTIF(Tabel1[Team Number],Y14) -> 6
A15: LeoV | B15: 4 | C15: R2 | D15: 244 | E15: H | F15: false | G15: true | H15: false | I15: true | J15: NA | K15: true | L15: false | M15: false | N15: 3 | O15: 6 | P15: 20 | Q15: 36 | R15: false | S15: NA | T15: false | U15: false | V15: Very inacuarate, messy shooting, no power. Collected slow | W15: 3 | Y15: 2122 | Z15: =COUNTIF(Tabel1[Team Number],Y15) -> 5
A16: Mil g | B16: 4 | C16: B3 | D16: 2486 | E16: D | F16: false | G16: true | H16: true | I16: true | J16: NA | K16: true | L16: false | M16: false | N16: 0 | O16: 6 | P16: 25 | Q16: 86 | R16: true | S16: NA | T16: false | U16: false | W16: 4 | Y16: 2403 | Z16: =COUNTIF(Tabel1[Team Number],Y16) -> 5
A17: Nick | B17: 4 | C17: B1 | D17: 288 | E17: O | F17: false | G17: true | H17: false | I17: true | J17: NA | K17: true | L17: false | M17: false | N17: 3 | O17: 0 | P17: 90 | Q17: 31 | R17: false | S17: NA | T17: false | U17: true | V17: Got stuck on top of the balls | W17: 3 | Y17: 2478 | Z17: =COUNTIF(Tabel1[Team Number],Y17) -> 5
A18: Jippe | B18: 5 | C18: R2 | D18: 6352 | E18: O | F18: false | G18: true | H18: true | I18: false | J18: NA | K18: true | L18: false | M18: false | N18: 0 | O18: 6 | P18: 15 | Q18: 72 | R18: false | S18: NA | T18: false | U18: false | W18: 4 | Y18: 2486 | Z18: =COUNTIF(Tabel1[Team Number],Y18) -> 4
A19: LeoV | B19: 5 | C19: B1 | D19: 3944 | E19: D | F19: false | G19: true | H19: false | I19: false | J19: NA | K19: false | L19: false | M19: false | N19: 0 | O19: 0 | P19: 0 | Q19: 1 | R19: false | S19: NA | T19: true | U19: false | W19: 3 | Y19: 2662 | Z19: =COUNTIF(Tabel1[Team Number],Y19) -> 6
A20: Maud | B20: 5 | C20: B2 | D20: 9534 | E20: O | F20: false | G20: false | H20: false | I20: false | J20: NA | K20: false | L20: false | M20: false | N20: 0 | O20: 0 | P20: 0 | Q20: 1 | R20: false | S20: NA | T20: false | U20: false | V20: Stood still and intake did not work | W20: 2 | Y20: 2840 | Z20: =COUNTIF(Tabel1[Team Number],Y20) -> 7
A21: Mil g | B21: 5 | C21: B3 | D21: 6413 | E21: H | F21: true | G21: true | H21: false | I21: false | J21: NA | K21: false | L21: false | M21: false | N21: 0 | O21: 0 | P21: 0 | Q21: 100 | R21: false | S21: NA | T21: false | U21: false | W21: 5 | Y21: 3009 | Z21: =COUNTIF(Tabel1[Team Number],Y21) -> 6
A22: Nick | B22: 5 | C22: R3 | D22: 1165 | E22: D | F22: false | G22: true | H22: false | I22: false | J22: NA | K22: true | L22: false | M22: false | N22: 0 | O22: 0 | P22: 0 | Q22: 100 | R22: false | S22: NA | T22: true | U22: false | V22: Only brought back balls pushing them | W22: 3 | Y22: 3019 | Z22: =COUNTIF(Tabel1[Team Number],Y22) -> 5
A23: Jippe | B23: 6 | C23: B1 | D23: 11176 | E23: O | F23: false | G23: true | H23: false | I23: false | J23: NA | K23: true | L23: false | M23: false | N23: 0 | O23: 0 | P23: 0 | Q23: 100 | R23: false | S23: NA | T23: true | U23: false | V23: Not moving when enabled | W23: 5 | Y23: 3216 | Z23: =COUNTIF(Tabel1[Team Number],Y23) -> 6
A24: Joep | B24: 6 | C24: B2 | D24: 8012 | E24: H | F24: false | G24: true | H24: false | I24: false | J24: NA | K24: false | L24: false | M24: false | N24: 0 | O24: 0 | P24: 0 | Q24: 100 | R24: false | S24: NA | T24: true | U24: false | W24: 3 | Y24: 3243 | Z24: =COUNTIF(Tabel1[Team Number],Y24) -> 5
A25: Mil g | B25: 6 | C25: B3 | D25: 11100 | E25: D | F25: false | G25: true | H25: true | I25: false | J25: NA | K25: false | L25: false | M25: false | N25: 0 | O25: 0 | P25: 0 | Q25: 100 | R25: false | S25: NA | T25: false | U25: false | V25: Had camera issues, turret aimed opposite side of hub, even after rotating the robot | W25: 5 | Y25: 3245 | Z25: =COUNTIF(Tabel1[Team Number],Y25) -> 5
A26: Nick | B26: 6 | C26: R2 | D26: 10980 | E26: O | F26: false | G26: true | H26: false | I26: false | J26: NA | K26: true | L26: false | M26: false | N26: 2 | O26: 6 | P26: 90 | Q26: 59 | R26: false | S26: NA | T26: false | U26: false | W26: 2 | Y26: 3424 | Z26: =COUNTIF(Tabel1[Team Number],Y26) -> 6
A27: Joep | B27: 7 | C27: B2 | D27: 9777 | E27: H | F27: false | G27: true | H27: false | I27: false | J27: NA | K27: false | L27: false | M27: false | N27: 4 | O27: 0 | P27: 0 | Q27: 25 | R27: true | S27: NA | T27: false | U27: false | W27: 3 | Y27: 3944 | Z27: =COUNTIF(Tabel1[Team Number],Y27) -> 4
A28: Mil g | B28: 7 | C28: B3 | D28: 9501 | E28: D | F28: false | G28: true | H28: true | I28: true | J28: NA | K28: true | L28: false | M28: true | N28: 0 | O28: 0 | P28: 35 | Q28: 100 | R28: false | S28: NA | T28: true | U28: false | V28: Came back from death | W28: 4 | Y28: 4146 | Z28: =COUNTIF(Tabel1[Team Number],Y28) -> 4
A29: TimoS | B29: 7 | C29: B1 | D29: 11479 | E29: O | F29: false | G29: true | H29: true | I29: true | J29: NA | K29: false | L29: false | M29: false | N29: 0 | O29: 24 | P29: 25 | Q29: 70 | R29: false | S29: NA | T29: false | U29: false | V29: Battery problems last 30 sec (Low volt.) | W29: 3 | Y29: 4731 | Z29: =COUNTIF(Tabel1[Team Number],Y29) -> 6
A30: TimoS | B30: 8 | C30: R3 | D30: 7333 | E30: D | F30: false | G30: false | H30: true | I30: false | J30: NA | K30: true | L30: false | M30: false | N30: 0 | O30: 9 | P30: 30 | Q30: 61 | R30: false | S30: NA | T30: false | U30: false | V30: Hopper broke | W30: 5 | Y30: 5933 | Z30: =COUNTIF(Tabel1[Team Number],Y30) -> 5
A31: Joep | B31: 9 | C31: B2 | D31: 3245 | E31: O | F31: false | G31: false | H31: true | I31: true | J31: NA | K31: true | L31: false | M31: false | N31: 0 | O31: 0 | P31: 55 | Q31: 95 | R31: false | S31: NA | T31: false | U31: false | W31: 5 | Y31: 6352 | Z31: =COUNTIF(Tabel1[Team Number],Y31) -> 5
A32: LeoV | B32: 9 | C32: B1 | D32: 7755 | E32: D | F32: false | G32: true | H32: false | I32: false | J32: NA | K32: true | L32: false | M32: false | N32: 0 | O32: 6 | P32: 5 | Q32: 94 | R32: false | S32: NA | T32: false | U32: false | V32: Slow did a little bit of defence in the alliance zone | W32: 2 | Y32: 6413 | Z32: =COUNTIF(Tabel1[Team Number],Y32) -> 6
A33: Maud | B33: 9 | C33: B3 | D33: 1410 | E33: D | F33: false | G33: true | H33: true | I33: true | J33: NA | K33: false | L33: false | M33: false | N33: 0 | O33: 0 | P33: 0 | Q33: 100 | R33: true | S33: NA | T33: false | U33: false | V33: Balls to Outpost pushing | W33: 5 | Y33: 6479 | Z33: =COUNTIF(Tabel1[Team Number],Y33) -> 4
A34: Joep | B34: 10 | C34: B1 | D34: 9059 | E34: D | F34: false | G34: false | H34: true | I34: false | J34: NA | K34: false | L34: false | M34: false | N34: 18 | O34: 0 | P34: 0 | Q34: 30 | R34: false | S34: NA | T34: false | U34: false | V34: Got 3 times stuck on bump | W34: 3 | Y34: 6833 | Z34: =COUNTIF(Tabel1[Team Number],Y34) -> 6
A35: LeoV | B35: 10 | C35: R3 | D35: 5933 | E35: D | F35: false | G35: true | H35: false | I35: false | K35: true | L35: false | M35: false | N35: 0 | O35: 0 | P35: 0 | Q35: 2 | R35: true | S35: NA | T35: false | U35: false | W35: 3 | Y35: 7333 | Z35: =COUNTIF(Tabel1[Team Number],Y35) -> 9
A36: Maud | B36: 10 | C36: B3 | D36: 3424 | E36: O | F36: true | G36: false | H36: false | I36: false | J36: No attempt | K36: false | L36: false | M36: false | N36: 0 | O36: 0 | P36: 0 | Q36: 100 | R36: false | S36: NA | T36: false | U36: false | W36: 5 | Y36: 7425 | Z36: =COUNTIF(Tabel1[Team Number],Y36) -> 7
A37: Mil g | B37: 10 | C37: B2 | D37: 6833 | E37: H | F37: false | G37: false | H37: true | I37: true | J37: No attempt | K37: true | L37: false | M37: false | N37: 0 | O37: 3 | P37: 20 | Q37: 100 | R37: false | S37: NA | T37: false | U37: false | W37: 5 | Y37: 7426 | Z37: =COUNTIF(Tabel1[Team Number],Y37) -> 5
A38: Anita Karki | B38: 11 | C38: B2 | D38: 6413 | E38: H | F38: false | G38: true | H38: false | I38: false | J38: NA | K38: true | L38: false | M38: false | N38: 0 | O38: 0 | P38: 0 | Q38: 1 | R38: false | S38: NA | T38: false | U38: false | V38: shooter leek niet te werken | W38: 3 | Y38: 7755 | Z38: =COUNTIF(Tabel1[Team Number],Y38) -> 6
A39: LeoV | B39: 11 | C39: R3 | D39: 9704 | E39: O | F39: false | G39: false | H39: false | I39: false | J39: NA | K39: false | L39: false | M39: false | N39: 0 | O39: 0 | P39: 0 | Q39: 1 | R39: true | S39: NA | T39: false | U39: false | V39: Juat a little defence | W39: 3 | Y39: 8012 | Z39: =COUNTIF(Tabel1[Team Number],Y39) -> 5
A40: Maud | B40: 11 | C40: R2 | D40: 996 | E40: H | F40: true | G40: false | H40: false | I40: false | J40: No attempt | K40: false | L40: false | M40: false | N40: 0 | O40: 0 | P40: 0 | Q40: 100 | R40: false | S40: NA | T40: false | U40: false | W40: 5 | Y40: 8717 | Z40: =COUNTIF(Tabel1[Team Number],Y40) -> 5
A41: Nick | B41: 11 | C41: B1 | D41: 9091 | E41: D | F41: true | G41: false | H41: false | I41: false | K41: false | L41: false | M41: false | N41: 0 | O41: 0 | P41: 0 | Q41: 100 | R41: false | S41: NA | T41: false | U41: false | W41: 5 | Y41: 9059 | Z41: =COUNTIF(Tabel1[Team Number],Y41) -> 5
A42: Nick | B42: 11 | C42: B3 | D42: 10905 | E42: O | F42: false | G42: true | H42: false | I42: false | J42: NA | K42: true | L42: false | M42: false | N42: 1 | O42: 0 | P42: 0 | Q42: 1 | R42: false | S42: NA | T42: true | U42: false | V42: Died quick | W42: 1 | Y42: 9091 | Z42: =COUNTIF(Tabel1[Team Number],Y42) -> 7
A43: Anita karki | B43: 12 | C43: B3 | D43: 11176 | E43: D | F43: false | G43: true | H43: true | I43: true | J43: NA | K43: true | L43: false | M43: false | N43: 1 | O43: 3 | P43: 0 | Q43: 1 | R43: false | S43: No Attempt | T43: false | U43: false | V43: not good fueltank, pushing to outpost | W43: 2 | Y43: 9501 | Z43: =COUNTIF(Tabel1[Team Number],Y43) -> 7
A44: Jippe | B44: 12 | C44: B2 | D44: 991 | E44: O | F44: false | G44: true | H44: true | I44: true | J44: No attempt | K44: true | L44: false | M44: false | N44: 0 | O44: 0 | P44: 70 | Q44: 62 | R44: false | S44: NA | T44: false | U44: false | W44: 4 | Y44: 9534 | Z44: =COUNTIF(Tabel1[Team Number],Y44) -> 6
A45: LeoV | B45: 12 | C45: R3 | D45: 6479 | E45: H | F45: false | G45: true | H45: true | I45: false | J45: NA | K45: true | L45: false | M45: false | N45: 0 | O45: 12 | P45: 25 | Q45: 55 | R45: true | S45: NA | T45: false | U45: true | W45: 3 | Y45: 9704 | Z45: =COUNTIF(Tabel1[Team Number],Y45) -> 5
A46: Maud | B46: 12 | C46: R2 | D46: 288 | E46: D | F46: false | G46: true | H46: false | I46: true | J46: NA | K46: true | L46: false | M46: true | N46: 2 | O46: 30 | P46: 55 | Q46: 71 | R46: false | S46: NA | T46: false | U46: false | V46: Fairly good | W46: 4 | Y46: 9777 | Z46: =COUNTIF(Tabel1[Team Number],Y46) -> 6
A47: Nick | B47: 12 | C47: B1 | D47: 244 | E47: H | F47: false | G47: true | H47: false | I47: true | K47: true | L47: false | M47: false | N47: 1 | O47: 3 | P47: 30 | Q47: 21 | R47: false | S47: NA | T47: false | U47: false | V47: Awfull | W47: 2 | Y47: 10114 | Z47: =COUNTIF(Tabel1[Team Number],Y47) -> 6
A48: Anita Karki | B48: 13 | C48: B1 | D48: 1165 | E48: D | F48: false | G48: false | H48: false | I48: false | J48: NA | K48: false | L48: false | M48: false | N48: 0 | O48: 0 | P48: 0 | Q48: 1 | R48: false | S48: NA | T48: false | U48: false | V48: deden dansjes en defence in eigen zone | W48: 2 | Y48: 10183 | Z48: =COUNTIF(Tabel1[Team Number],Y48) -> 5
A49: Jippe | B49: 13 | C49: B3 | D49: 0 | E49: O | F49: false | G49: true | H49: true | I49: true | J49: No attempt | K49: true | L49: false | M49: false | N49: 0 | O49: 0 | P49: 170 | Q49: 71 | R49: false | S49: NA | T49: false | U49: false | W49: 5 | Y49: 10380 | Z49: =COUNTIF(Tabel1[Team Number],Y49) -> 5
A50: LeoV | B50: 13 | C50: B2 | D50: 8717 | E50: H | F50: false | G50: true | H50: true | I50: true | K50: true | L50: false | M50: false | N50: 0 | O50: 0 | P50: 20 | Q50: 24 | R50: false | S50: NA | T50: false | U50: false | W50: 3 | Y50: 10506 | Z50: =COUNTIF(Tabel1[Team Number],Y50) -> 5
A51: Anita Karki | B51: 14 | C51: R3 | D51: 8012 | E51: H | F51: false | G51: false | H51: false | I51: false | J51: NA | K51: true | L51: false | M51: false | N51: 0 | O51: 0 | P51: 0 | Q51: 1 | R51: false | S51: NA | T51: false | U51: false | V51: deden vrij weinig | W51: 1 | Y51: 10905 | Z51: =COUNTIF(Tabel1[Team Number],Y51) -> 6
A52: Jippe | B52: 14 | C52: B2 | D52: 2080 | E52: O | F52: false | G52: true | H52: false | I52: false | J52: No attempt | K52: true | L52: false | M52: false | N52: 0 | O52: 0 | P52: 0 | Q52: 100 | R52: false | S52: NA | T52: true | U52: false | W52: 5 | Y52: 10933 | Z52: =COUNTIF(Tabel1[Team Number],Y52) -> 6
A53: LeoV | B53: 14 | C53: B1 | D53: 7426 | E53: D | F53: false | G53: true | H53: true | I53: true | K53: true | L53: true | M53: false | N53: 0 | O53: 0 | P53: 35 | Q53: 87 | R53: false | S53: NA | T53: false | U53: false | V53: Needs pickup to shoot | W53: 5 | Y53: 10980 | Z53: =COUNTIF(Tabel1[Team Number],Y53) -> 6
A54: Jippe | B54: 15 | C54: B2 | D54: 7333 | E54: D | F54: false | G54: true | H54: true | I54: true | J54: No attempt | K54: true | L54: false | M54: false | N54: 6 | O54: 12 | P54: 45 | Q54: 67 | R54: false | S54: NA | T54: false | U54: false | W54: 5 | Y54: 10988 | Z54: =COUNTIF(Tabel1[Team Number],Y54) -> 4
A55: Joep | B55: 16 | C55: B2 | D55: 60 | E55: H | F55: false | G55: true | H55: false | I55: true | J55: NA | K55: true | L55: false | M55: false | N55: 20 | O55: 3 | P55: 5 | Q55: 70 | R55: false | S55: NA | T55: false | U55: false | W55: 3 | Y55: 11100 | Z55: =COUNTIF(Tabel1[Team Number],Y55) -> 4
A56: LeoV | B56: 16 | C56: B1 | D56: 10993 | E56: O | F56: false | G56: true | H56: false | I56: false | J56: NA | K56: true | L56: false | M56: false | N56: 0 | O56: 0 | P56: 0 | Q56: 3 | R56: true | S56: NA | T56: true | U56: false | V56: Defensive no shooting | W56: 3 | Y56: 11176 | Z56: =COUNTIF(Tabel1[Team Number],Y56) -> 6
A57: Milan | B57: 16 | C57: R1 | D57: 6352 | E57: O | F57: false | G57: true | H57: false | I57: false | J57: NA | K57: true | L57: false | M57: false | N57: 0 | O57: 0 | P57: 20 | Q57: 64 | R57: false | S57: NA | T57: false | U57: false | W57: 4 | Y57: 11479 | Z57: =COUNTIF(Tabel1[Team Number],Y57) -> 6
A58: TimoS | B58: 16 | C58: B3 | D58: 3216 | E58: D | F58: false | G58: true | H58: true | I58: true | J58: No attempt | K58: true | L58: false | M58: false | N58: 3 | O58: 0 | P58: 110 | Q58: 55 | R58: false | S58: NA | T58: false | U58: false | W58: 4
A59: Mil g | B59: 17 | C59: B1 | D59: 10980 | E59: D | F59: false | G59: true | H59: true | I59: true | J59: NA | K59: true | L59: false | M59: false | N59: 0 | O59: 0 | P59: 40 | Q59: 87 | R59: false | S59: NA | T59: false | U59: false | V59: Got stuck on ramp but recovered | W59: 4
A60: TimoS | B60: 17 | C60: B3 | D60: 9777 | E60: H | F60: false | G60: true | H60: false | I60: true | J60: No attempt | K60: true | L60: false | M60: false | N60: 7 | O60: 6 | P60: 5 | Q60: 19 | R60: false | S60: NA | T60: false | U60: false | W60: 3
A61: Joep | B61: 18 | C61: B2 | D61: 3009 | E61: H | F61: false | G61: true | H61: false | I61: false | K61: false | L61: false | M61: false | N61: 1 | O61: 0 | P61: 0 | Q61: 100 | R61: true | S61: NA | T61: false | U61: false | V61: Looked like swerve malfunctioned | W61: 3
A62: Lex vG | B62: 18 | C62: B1 | D62: 7425 | E62: O | F62: false | G62: false | H62: true | I62: true | J62: NA | K62: false | L62: false | M62: false | N62: 1 | O62: 6 | P62: 50 | Q62: 81 | R62: false | S62: NA | T62: false | U62: false | V62: Auto erg inaccuraat, schiet soms te hard verschilt per cycle, verspilt tijd tijdens inactive hub | W62: 3
A63: TimoS | B63: 18 | C63: B3 | D63: 2840 | E63: D | F63: false | G63: true | H63: true | I63: false | J63: No attempt | K63: true | L63: false | M63: false | N63: 12 | O63: 3 | P63: 5 | Q63: 87 | R63: false | S63: NA | T63: false | U63: false | V63: Shooter problems | W63: 4
A64: Joep | B64: 21 | C64: B1 | D64: 7333 | E64: D | F64: false | G64: true | H64: true | I64: true | J64: NA | K64: true | L64: false | M64: false | N64: 26 | O64: 0 | P64: 35 | Q64: 65 | R64: false | S64: NA | T64: false | U64: false | W64: 4
A65: Maud | B65: 22 | C65: B2 | D65: 10905 | E65: D | F65: false | G65: true | H65: false | I65: false | J65: NA | K65: true | L65: false | M65: true | N65: 0 | O65: 0 | P65: 10 | Q65: 66 | R65: false | S65: NA | T65: false | U65: false | V65: Shoot 10 balls stood still rest of the match | W65: 3
A66: JV | B66: 18 | C66: R3 | D66: 4731 | E66: H | F66: false | G66: true | H66: false | I66: false | J66: NA | K66: true | L66: true | M66: false | N66: 31 | O66: 0 | P66: 0 | Q66: 86 | R66: false | S66: 1 | T66: false | U66: false | V66: Driver had great control and was even able climb the latter | W66: 5
A67: AA | B67: 21 | C67: R2 | D67: 9091 | E67: H | F67: true | G67: false | H67: false | I67: false | J67: NA | K67: false | L67: false | M67: false | N67: 0 | O67: 0 | P67: 0 | Q67: 100 | R67: false | S67: NA | T67: false | U67: false | W67: 5
A68: Yannis | B68: 22 | C68: B3 | D68: 6833 | E68: H | F68: false | G68: true | H68: true | I68: true | J68: NA | K68: true | L68: false | M68: false | N68: 1 | O68: 6 | P68: 25 | Q68: 33 | R68: false | S68: NA | T68: false | U68: false | W68: 4
A69: BW | B69: 19 | C69: R1 | D69: 1165 | E69: H | F69: false | G69: true | H69: false | I69: false | J69: NA | K69: false | L69: false | M69: false | N69: 0 | O69: 3 | P69: 0 | Q69: 100 | R69: true | S69: NA | T69: false | U69: false | V69: Defended and pushed fuel to the other side. | W69: 4
A70: JV | B70: 21 | C70: R3 | D70: 288 | E70: H | F70: false | G70: true | H70: true | I70: false | J70: NA | K70: true | L70: false | M70: false | N70: 0 | O70: 0 | P70: 0 | Q70: 100 | R70: false | S70: NA | T70: false | U70: false | V70: Mainly focused on getting the balls to their side but broke in the middle of the match. | W70: 4
A71: LeoV | B71: 22 | C71: B1 | D71: 10183 | E71: O | F71: false | G71: true | H71: true | I71: false | J71: NA | K71: true | L71: false | M71: true | N71: 0 | O71: 0 | P71: 60 | Q71: 83 | R71: false | S71: NA | T71: false | U71: false | V71: Fast and accurate | W71: 4
A72: Maud | B72: 23 | C72: B2 | D72: 698 | E72: H | F72: false | G72: true | H72: true | I72: false | K72: false | L72: false | M72: false | N72: 0 | O72: 0 | P72: 0 | Q72: 100 | R72: false | S72: NA | T72: true | U72: false | V72: During auto weird thing with intake. Bumper fell off robot and died | W72: 3
A73: LeoV | B73: 23 | C73: B1 | D73: 9501 | E73: D | F73: false | G73: true | H73: false | I73: true | J73: NA | K73: false | L73: false | M73: false | N73: 0 | O73: 0 | P73: 75 | Q73: 90 | R73: false | S73: NA | T73: false | U73: false | V73: Fast and accurate | W73: 4
A74: JV | B74: 22 | C74: R3 | D74: 1212 | E74: H | F74: false | G74: true | H74: true | I74: false | J74: NA | K74: true | L74: false | M74: false | N74: 3 | O74: 0 | P74: 0 | Q74: 14 | R74: false | S74: NA | T74: false | U74: false | V74: Focused on shooting mostly and can collect a large quantity of balls. | W74: 3
A75: BW | B75: 22 | C75: R1 | D75: 2403 | E75: O | F75: false | G75: true | H75: false | I75: false | J75: NA | K75: true | L75: true | M75: false | N75: 3 | O75: 0 | P75: 15 | Q75: 100 | R75: false | S75: NA | T75: false | U75: false | V75: Supported human players | W75: 4
A76: AA | B76: 22 | C76: R2 | D76: 11176 | E76: H | F76: false | G76: true | H76: false | I76: false | J76: NA | K76: true | L76: false | M76: false | N76: 3 | O76: 9 | P76: 0 | Q76: 59 | R76: false | S76: NA | T76: false | U76: false | V76: Slower all around, inactive at start of teleop | W76: 5
A77: Yannis | B77: 23 | C77: B3 | D77: 10933 | E77: O | F77: false | G77: true | H77: false | I77: false | J77: NA | K77: false | L77: false | M77: false | N77: 0 | O77: 0 | P77: 0 | Q77: 100 | R77: true | S77: NA | T77: true | U77: false | V77: No autonomous, didn't shoot, only defense, then died. | W77: 3
A78: Joep | B78: 24 | C78: B2 | D78: 10988 | E78: O | F78: false | G78: true | H78: false | I78: true | J78: NA | K78: true | L78: false | M78: false | N78: 3 | O78: 0 | P78: 0 | Q78: 100 | R78: false | S78: NA | T78: true | U78: false | V78: Stuck on bumper | W78: 3
A79: LeoV | B79: 24 | C79: B1 | D79: 1410 | E79: H | F79: false | G79: true | H79: false | I79: true | J79: NA | K79: true | L79: false | M79: true | N79: 0 | O79: 3 | P79: 30 | Q79: 81 | R79: false | S79: NA | T79: false | U79: false | V79: Filled up the outpost | W79: 4
A80: AA | B80: 23 | C80: R2 | D80: 2080 | E80: H | F80: false | G80: true | H80: false | I80: false | J80: NA | K80: true | L80: false | M80: false | N80: 6 | O80: 0 | P80: 15 | Q80: 32 | R80: false | S80: NA | T80: false | U80: false | V80: Slow in all aspects
A81: BW | B81: 23 | C81: R1 | D81: 3216 | E81: D | F81: false | G81: true | H81: false | I81: false | J81: NA | K81: true | L81: false | M81: false | N81: 5 | O81: 21 | P81: 80 | Q81: 85 | R81: false | S81: NA | T81: false | U81: false | W81: 5
A82: JV | B82: 23 | C82: R3 | D82: 11479 | E82: H | F82: false | G82: true | H82: false | I82: false | J82: NA | K82: true | L82: false | M82: false | N82: 18 | O82: 0 | P82: 0 | Q82: 58 | R82: false | S82: NA | T82: true | U82: false | V82: Overall a good robot showing capabilities to score high amoints of points fast but it died a but early on. | W82: 4
A83: Yannis | B83: 24 | C83: B3 | D83: 3009 | E83: H | F83: false | G83: true | H83: true | I83: false | J83: NA | K83: true | L83: false | M83: false | N83: 1 | O83: 3 | P83: 10 | Q83: 34 | R83: true | S83: NA | T83: false | U83: false | V83: They were stuck on fuel, but they got freed. | W83: 2
A84: Joep | B84: 25 | C84: B2 | D84: 3243 | E84: D | F84: false | G84: true | H84: true | I84: true | J84: NA | K84: true | L84: false | M84: false | N84: 0 | O84: 0 | P84: 35 | Q84: 100 | R84: true | S84: NA | T84: false | U84: false | V84: Intake didn't work after a while | W84: 5
A85: LeoV | B85: 25 | C85: B1 | D85: 7755 | E85: H | F85: false | G85: true | H85: false | I85: false | J85: NA | K85: true | L85: false | M85: false | N85: 4 | O85: 6 | P85: 15 | Q85: 51 | R85: false | S85: NA | T85: false | U85: false | V85: Slow collected a lot of balles | W85: 3
A86: JV | B86: 24 | C86: R3 | D86: 2840 | E86: H | F86: false | G86: true | H86: false | I86: false | K86: false | L86: false | M86: false | N86: 8 | O86: 0 | P86: 0 | Q86: 92 | R86: false | S86: NA | T86: false | U86: false | V86: Mostly stayed their own side scoring points. | W86: 3
A87: AA | B87: 24 | C87: R2 | D87: 9777 | E87: H | F87: false | G87: true | H87: false | I87: false | J87: NA | K87: true | L87: false | M87: false | N87: 0 | O87: 0 | P87: 0 | Q87: 100 | R87: false | S87: NA | T87: false | U87: false | V87: Picked up and gave it to ally side
A88: Yannis | B88: 25 | C88: B3 | D88: 987 | E88: O | F88: false | G88: true | H88: true | I88: true | J88: NA | K88: true | L88: false | M88: false | N88: 0 | O88: 0 | P88: 60 | Q88: 82 | R88: false | S88: NA | T88: false | U88: false | V88: Very hard to count balls, may be inaccurate. | W88: 4
A89: Jippe | B89: 26 | C89: B3 | D89: 10380 | E89: O | F89: false | G89: true | H89: false | I89: false | J89: No attempt | K89: true | L89: false | M89: false | N89: 0 | O89: 0 | P89: 30 | Q89: 51 | R89: false | S89: NA | T89: false | U89: false | V89: Kinda died, had trouble moving | W89: 4
A90: LeoV | B90: 26 | C90: B1 | D90: 6413 | E90: H | F90: false | G90: true | H90: false | I90: true | J90: NA | K90: true | L90: false | M90: true | N90: 0 | O90: 0 | P90: 60 | Q90: 76 | R90: false | S90: NA | T90: false | U90: false | V90: Got stuck on balls when going over ramp | W90: 3
A91: AA | B91: 25 | C91: R2 | D91: 9534 | E91: H | F91: false | G91: false | H91: false | I91: false | J91: NA | K91: false | L91: false | M91: false | N91: 0 | O91: 0 | P91: 0 | Q91: 100 | R91: true | S91: NA | T91: false | U91: false | V91: Bumper bot that only did defense once
A92: JV | B92: 25 | C92: R3 | D92: 3424 | E92: H | F92: false | G92: true | H92: false | I92: false | K92: true | L92: false | M92: false | N92: 25 | O92: 0 | P92: 0 | Q92: 75 | R92: false | S92: NA | T92: false | U92: false | V92: Over all most of the robot is pretty average. | W92: 4
A93: BW | B93: 25 | C93: R1 | D93: 991 | E93: O | F93: false | G93: true | H93: true | I93: true | J93: NA | K93: true | L93: true | M93: false | N93: 30 | O93: 18 | P93: 25 | Q93: 90 | R93: false | S93: NA | T93: false | U93: false | W93: 5
A94: Joep | B94: 26 | C94: B2 | D94: 1828 | E94: D | F94: false | G94: true | H94: false | I94: true | J94: NA | K94: true | L94: false | M94: false | N94: 2 | O94: 0 | P94: 10 | Q94: 40 | R94: false | S94: NA | T94: false | U94: false | V94: Stuck on bump at the end | W94: 2
A95: LeoV | B95: 27 | C95: B1 | D95: 9704 | E95: H | F95: true | G95: false | H95: false | I95: false | J95: NA | K95: false | L95: false | M95: false | N95: 0 | O95: 0 | P95: 0 | Q95: 6 | R95: false | S95: NA | T95: false | U95: false | W95: 5
A96: Jippe | B96: 27 | C96: B3 | D96: 7425 | E96: H | F96: false | G96: true | H96: true | I96: true | J96: NA | K96: true | L96: false | M96: false | N96: 3 | O96: 3 | P96: 50 | Q96: 54 | R96: false | S96: NA | T96: false | U96: false | W96: 5
A97: AA | B97: 26 | C97: R2 | D97: 7426 | E97: H | F97: false | G97: true | H97: true | I97: true | J97: L1 | K97: true | L97: false | M97: false | N97: 0 | O97: 0 | P97: 80 | Q97: 87 | R97: false | S97: 1 | T97: false | U97: false | V97: Really good all around, auto does shoot and climbs. | W97: 5
A98: JV | B98: 26 | C98: R3 | D98: 5933 | E98: H | F98: false | G98: true | H98: true | I98: true | J98: NA | K98: true | L98: false | M98: true | N98: 0 | O98: 0 | P98: 0 | Q98: 100 | R98: true | S98: NA | T98: false | U98: false | V98: Over all stayed on defense and ball collectio shooting outside of teleop | W98: 4
A99: BW | B99: 26 | C99: R1 | D99: 4146 | E99: D | F99: false | G99: true | H99: false | I99: false | J99: NA | K99: true | L99: false | M99: false | N99: 2 | O99: 3 | P99: 0 | Q99: 50 | R99: false | S99: A | T99: false | U99: false | W99: 2
A100: Joep | B100: 27 | C100: B2 | D100: 244 | E100: D | F100: false | G100: true | H100: false | I100: true | J100: NA | K100: true | L100: false | M100: false | N100: 2 | O100: 0 | P100: 45 | Q100: 30 | R100: false | S100: NA | T100: false | U100: false | V100: Intake broke | W100: 3
...

Sheet Scouting schema
B2: scheduled_time | C2: match_number | D2: red1 | E2: red2 | F2: red3 | G2: blue1 | H2: blue2 | I2: blue3
B3: 0.36805556 | C3: 1 | D3: 6479 | E3: 5933 | F3: 9091 | G3: 2840 | H3: 2403 | I3: 10114 | J3: 4 | K3: 4 | L3: maud | N3: 6479 | O3: 9091 | P3: 2403 | Q3: 10114 | U3: 5933 | W3: 2840 | AA3: 6479 | AB3: 5933 | AC3: 9091 | AE3: 2403 | AF3: 10114 | AH3: teams | AI3: aantal | AJ3: hoevaakgescout
B4: 0.37361111 | C4: 2 | D4: 10380 | E4: 2478 | F4: 6833 | G4: 991 | H4: 10905 | I4: 2662 | J4: 1 | L4: anita | N4: 2662 | O4: 2478 | P4: 6833 | T4: 10380 | W4: 991 | X4: 10905 | AA4: 10380 | AB4: 2478 | AC4: 6833 | AD4: 991 | AF4: 2662 | AH4: 60 | AI4: =COUNTIF($N$3:$R$85,AH4) -> 5 | AJ4: =COUNTIF($AA$3:$AF$85,AH4) -> 5 | AL4: legenda in match schema
B5: 0.37916667 | C5: 3 | D5: 9704 | E5: 3424 | F5: 987 | G5: 10506 | H5: 9059 | I5: 7426 | J5: 3 | L5: jippe | N5: 987 | O5: 10506 | P5: 9059 | Q5: 3424 | T5: 9704 | Y5: 7426 | AA5: 9704 | AB5: 3424 | AC5: 987 | AD5: 10506 | AE5: 9059 | AH5: 244 | AI5: =COUNTIF($N$3:$R$85,AH5) -> 5 | AJ5: =COUNTIF($AA$3:$AF$85,AH5) -> 6 | AL5: rood | AM5: moest wel niet gedaan
B6: 0.38472222 | C6: 4 | D6: 996 | E6: 244 l | F6: 8717 j | G6: 288 n | H6: 698 | I6: 2486 m | J6: 3 | L6: leo | N6: 8717 | O6: 288 | P6: 2486 | Q6: 244 | T6: 996 | X6: 698 | AB6: 244 | AC6: 8717 | AD6: 288 | AF6: 2486 | AH6: 288 | AI6: =COUNTIF($N$3:$R$85,AH6) -> 5 | AJ6: =COUNTIF($AA$3:$AF$85,AH6) -> 6 | AL6: groen | AM6: gedaan
B7: 0.39027778 | C7: 5 | D7: 3019 | E7: 6352 j | F7: 1165 n | G7: 3944 l | H7: 9534 ma | I7: 6413 mi | J7: 4 | N7: 6352 | O7: 1165 | P7: 3944 | Q7: 9534 | T7: 3019 | Y7: 6413 | AA7: 3019 | AB7: 6352 | AC7: 1165 | AD7: 3944 | AE7: 9534 | AF7: 6413 | AH7: 698 | AI7: =COUNTIF($N$3:$R$85,AH7) -> 5 | AJ7: =COUNTIF($AA$3:$AF$85,AH7) -> 5 | AL7: geel | AM7: moet nog
B8: 0.39583333 | C8: 6 | D8: 10988 | E8: 10980 ni | F8: 3216 | G8: 11176 ji | H8: 8012 jo | I8: 11100 mi | J8: 3 | K8: 3 | L8: timo | N8: 11176 | O8: 8012 | P8: 11100 | T8: 10988 | U8: 10980 | V8: 3216 | AB8: 10980 | AC8: 3216 | AD8: 11176 | AE8: 8012 | AF8: 11100 | AH8: 987 | AI8: =COUNTIF($N$3:$R$85,AH8) -> 4 | AJ8: =COUNTIF($AA$3:$AF$85,AH8) -> 6 | AL8: wit | AM8: niet belangrijk voor extra scouten en niet gescout
B9: 0.40138889 | C9: 7 | D9: 10183 | E9: 2122 | F9: 60 | G9: 11479 ti | H9: 9777 jo | I9: 9501 mi | J9: 2 | L9: joep | N9: 11479 | O9: 9501 | P9: 9777 | T9: 10183 | U9: 2122 | V9: 60 | AA9: 10183 | AB9: 2122 | AC9: 60 | AD9: 11479 | AE9: 9777 | AF9: 9501 | AH9: 991 | AI9: =COUNTIF($N$3:$R$85,AH9) -> 5 | AJ9: =COUNTIF($AA$3:$AF$85,AH9) -> 7
B10: 0.40694444 | C10: 8 | D10: 1212 | E10: 4731 | F10: 7333 | G10: 2080 | H10: 10933 | I10: 1828 | J10: 1 | L10: milan | N10: 1212 | O10: 2080 | P10: 7333 | X10: 10933 | Y10: 1828 | AA10: 1212 | AB10: 4731 | AC10: 7333 | AH10: 996 | AI10: =COUNTIF($N$3:$R$85,AH10) -> 5 | AJ10: =COUNTIF($AA$3:$AF$85,AH10) -> 4
B11: 0.4125 | C11: 9 | D11: 4146 | E11: 3009 | F11: 3243 | G11: 7755 | H11: 3245 jo | I11: 1410 ma | J11: 2 | N11: 3009 | O11: 1410 | P11: 3245 | T11: 4146 | V11: 3243 | W11: 7755 | AA11: 4146 | AC11: 3243 | AD11: 7755 | AE11: 3245 | AF11: 1410 | AH11: 1165 | AI11: =COUNTIF($N$3:$R$85,AH11) -> 4 | AJ11: =COUNTIF($AA$3:$AF$85,AH11) -> 4
B12: 0.41805556 | C12: 10 | D12: 5933 | E12: 7425 | F12: 2478 l | G12: 9059 jo | H12: 6833 mi | I12: 3424 ma | J12: 1 | N12: 9059 | O12: 2478 | P12: 3424 | T12: 5933 | U12: 7425 | X12: 6833 | AC12: 2478 | AD12: 9059 | AE12: 6833 | AF12: 3424 | AH12: 1212 | AI12: =COUNTIF($N$3:$R$85,AH12) -> 5 | AJ12: =COUNTIF($AA$3:$AF$85,AH12) -> 5
B13: 0.43055556 | C13: 11 | D13: 9534 | E13: 996 ma | F13: 9704 le | G13: 9091 ni | H13: 6413 a | I13: 10905 ni | J13: 2 | K13: 5 | N13: 9534 | O13: 9091 | P13: 996 | Q13: 9704 | X13: 6413 | Y13: 10905 | AA13: 9534 | AB13: 996 | AC13: 9704 | AD13: 9091 | AE13: 6413 | AF13: 10905 | AH13: 1410 | AI13: =COUNTIF($N$3:$R$85,AH13) -> 6 | AJ13: =COUNTIF($AA$3:$AF$85,AH13) -> 5
B14: 0.43611111 | C14: 12 | D14: 3944 | E14: 288 m | F14: 6479 l | G14: 244 ni | H14: 991 j | I14: 11176 an | J14: 4 | L14: maud | N14: 3944 | O14: 288 | P14: 6479 | Q14: 11176 | R14: 244 | X14: 991 | AA14: 3944 | AB14: 288 | AC14: 6479 | AD14: 244 | AE14: 991 | AF14: 11176 | AH14: 1828 | AI14: =COUNTIF($N$3:$R$85,AH14) -> 5 | AJ14: =COUNTIF($AA$3:$AF$85,AH14) -> 4
A15: kijken wie penalties had | B15: 0.44166667 | C15: 13 | D15: 2403 | E15: 2486 | F15: 10988 | G15: 1165 a | H15: 8717 l | I15: 2122 ji | J15: 5 | L15: jippe | N15: 2403 | O15: 2486 | P15: 1165 | Q15: 8717 | R15: 2122 | V15: 10988 | AA15: 2403 | AB15: 2486 | AC15: 10988 | AD15: 1165 | AE15: 8717 | AF15: 2122 | AH15: 2080 | AI15: =COUNTIF($N$3:$R$85,AH15) -> 6 | AJ15: =COUNTIF($AA$3:$AF$85,AH15) -> 3
B16: 0.44722222 | C16: 14 | D16: 10506 | E16: 10183 | F16: 8012 a | G16: 7426 l | H16: 2080 ji | I16: 3019 | J16: 2 | L16: anita | N16: 10506 | O16: 8012 | P16: 2080 | Q16: 7426 | R16: 10183 | Y16: 3019 | AA16: 10506 | AB16: 10183 | AC16: 8012 | AD16: 7426 | AE16: 2080 | AH16: 2122 | AI16: =COUNTIF($N$3:$R$85,AH16) -> 5 | AJ16: =COUNTIF($AA$3:$AF$85,AH16) -> 6
B17: 0.45277778 | C17: 15 | D17: 10114 | E17: 9501 | F17: 1212 | G17: 2662 | H17: 7333 ji | I17: 1410 | J17: 2 | L17: leo | N17: 1212 | O17: 2662 | P17: 1410 | Q17: 7333 | R17: 9501 | AA17: 10114 | AB17: 9501 | AC17: 1212 | AE17: 7333 | AH17: 2403 | AI17: =COUNTIF($N$3:$R$85,AH17) -> 5 | AJ17: =COUNTIF($AA$3:$AF$85,AH17) -> 5
B18: 0.45833333 | C18: 16 | D18: 6352 mi | E18: 7755 | F18: 4146 | G18: 10933 l | H18: 60 jo | I18: 3216 ti | J18: 2 | K18: 5 | L18: maud | N18: 6352 | O18: 7755 | P18: 3216 | Q18: 4146 | R18: 10933 | X18: 60 | AA18: 6352 | AB18: 7755 | AC18: 4146 | AE18: 60 | AF18: 3216 | AH18: 2478 | AI18: =COUNTIF($N$3:$R$85,AH18) -> 4 | AJ18: =COUNTIF($AA$3:$AF$85,AH18) -> 6
B19: 0.46388889 | C19: 17 | D19: 698 | E19: 987 | F19: 11479 | G19: 10980 | H19: 1828 | I19: 9777 ti | J19: 2 | L19: milan | N19: 987 | O19: 11479 | P19: 9777 | Q19: 10980 | T19: 698 | X19: 1828 | AA19: 698 | AB19: 987 | AC19: 11479 | AD19: 10980 | AF19: 9777 | AH19: 2486 | AI19: =COUNTIF($N$3:$R$85,AH19) -> 4 | AJ19: =COUNTIF($AA$3:$AF$85,AH19) -> 5
B20: 0.46944444 | C20: 18 | D20: 3243 | E20: 11100 | F20: 4731 | G20: 7425 le | H20: 3009 jo | I20: 2840 ti | J20: 3 | L20: joep | N20: 11100 | O20: 7425 | P20: 3009 | Q20: 2840 | R20: 4731 | T20: 3243 | AH20: 2662 | AI20: =COUNTIF($N$3:$R$85,AH20) -> 5 | AJ20: =COUNTIF($AA$3:$AF$85,AH20) -> 4
B21: 0.475 | C21: 19 | D21: 1165 | E21: 3245 | F21: 9059 | G21: 8717 | H21: 6479 | I21: 10380 | J21: 5 | L21: timo | N21: 1165 | O21: 9059 | P21: 8717 | Q21: 6479 | R21: 10380 | U21: 3245 | AH21: 2840 | AI21: =COUNTIF($N$3:$R$85,AH21) -> 5 | AJ21: =COUNTIF($AA$3:$AF$85,AH21) -> 4
B22: 0.48055556 | C22: 20 | D22: 2486 | E22: 2122 | F22: 996 | G22: 3019 | H22: 10506 | I22: 2478 | J22: 4 | L22: jippe | N22: 2486 | O22: 2122 | P22: 3019 | Q22: 10506 | R22: 996 | Y22: 2478 | AH22: 3009 | AI22: =COUNTIF($N$3:$R$85,AH22) -> 5 | AJ22: =COUNTIF($AA$3:$AF$85,AH22) -> 6
B23: 0.48611111 | C23: 21 | D23: 2662 | E23: 9091 | F23: 288 | G23: 7333 | H23: 3944 | I23: 8012 | J23: 0 | K23: 4 | L23: anita | N23: 7333 | O23: 2662 | P23: 3944 | Q23: 8012 | U23: 9091 | V23: 288 | AB23: 9091 | AC23: 288 | AD23: 7333 | AH23: 3019 | AI23: =COUNTIF($N$3:$R$85,AH23) -> 5 | AJ23: =COUNTIF($AA$3:$AF$85,AH23) -> 5
B24: 0.49166667 | C24: 22 | D24: 2403 | E24: 11176 | F24: 1212 | G24: 10183 | H24: 10905 | I24: 6833 | J24: 4 | L24: leo | N24: 2403 | O24: 11176 | P24: 1212 | Q24: 10905 | W24: 10183 | Y24: 6833 | AA24: 2403 | AB24: 11176 | AC24: 1212 | AD24: 10183 | AE24: 10905 | AF24: 6833 | AH24: 3216 | AI24: =COUNTIF($N$3:$R$85,AH24) -> 5 | AJ24: =COUNTIF($AA$3:$AF$85,AH24) -> 4
B25: 0.49722222 | C25: 23 | D25: 3216 | E25: 2080 | F25: 11479 | G25: 9501 | H25: 698 | I25: 10933 | J25: 1 | L25: maud | N25: 11479 | O25: 698 | P25: 2080 | Q25: 3216 | W25: 9501 | Y25: 10933 | AA25: 3216 | AB25: 2080 | AC25: 11479 | AD25: 9501 | AE25: 698 | AF25: 10933 | AH25: 3243 | AI25: =COUNTIF($N$3:$R$85,AH25) -> 5 | AJ25: =COUNTIF($AA$3:$AF$85,AH25) -> 6
B26: 0.54166667 | C26: 24 | D26: 6352 | E26: 9777 | F26: 2840 | G26: 1410 | H26: 10988 | I26: 3009 | J26: 2 | L26: milan | N26: 6352 | O26: 3009 | P26: 1410 | Q26: 2840 | U26: 9777 | X26: 10988 | AB26: 9777 | AC26: 2840 | AD26: 1410 | AE26: 10988 | AF26: 3009 | AH26: 3245 | AI26: =COUNTIF($N$3:$R$85,AH26) -> 5 | AJ26: =COUNTIF($AA$3:$AF$85,AH26) -> 6
B27: 0.54722222 | C27: 25 | D27: 991 | E27: 9534 | F27: 3424 | G27: 7755 | H27: 3243 | I27: 987 | J27: 4 | N27: 9534 | O27: 7755 | P27: 3243 | Q27: 987 | T27: 991 | V27: 3424 | AA27: 991 | AB27: 9534 | AC27: 3424 | AD27: 7755 | AE27: 3243 | AF27: 987 | AH27: 3424 | AI27: =COUNTIF($N$3:$R$85,AH27) -> 5 | AJ27: =COUNTIF($AA$3:$AF$85,AH27) -> 5
B28: 0.55277778 | C28: 26 | D28: 4146 | E28: 7426 | F28: 5933 | G28: 6413 | H28: 1828 | I28: 10380 | J28: 2 | K28: 3 | L28: jippe | N28: 5933 | O28: 10380 | P28: 4146 | U28: 7426 | W28: 6413 | X28: 1828 | AA28: 4146 | AB28: 7426 | AC28: 5933 | AD28: 6413 | AE28: 1828 | AF28: 10380 | AH28: 3944 | AI28: =COUNTIF($N$3:$R$85,AH28) -> 5 | AJ28: =COUNTIF($AA$3:$AF$85,AH28) -> 4
B29: 0.55833333 | C29: 27 | D29: 3245 | E29: 10114 | F29: 10980 | G29: 9704 | H29: 244 | I29: 7425 | J29: 1 | L29: joep | N29: 7425 | O29: 244 | P29: 3245 | U29: 10114 | V29: 10980 | W29: 9704 | AA29: 3245 | AB29: 10114 | AC29: 10980 | AD29: 9704 | AE29: 244 | AF29: 7425 | AH29: 4146 | AI29: =COUNTIF($N$3:$R$85,AH29) -> 5 | AJ29: =COUNTIF($AA$3:$AF$85,AH29) -> 7
B30: 0.56388889 | C30: 28 | D30: 4731 | E30: 60 | F30: 9059 | G30: 11100 | H30: 2662 | I30: 996 | J30: 3 | L30: timo | N30: 4731 | O30: 9059 | P30: 11100 | X30: 2662 | Y30: 996 | AA30: 4731 | AB30: 60 | AC30: 9059 | AD30: 11100 | AE30: 2662 | AF30: 996 | AH30: 4731 | AI30: =COUNTIF($N$3:$R$85,AH30) -> 4 | AJ30: =COUNTIF($AA$3:$AF$85,AH30) -> 4
B31: 0.56944444 | C31: 29 | D31: 11176 | E31: 11479 | F31: 7333 | G31: 1212 | H31: 1165 | I31: 10506 | J31: 0 | N31: 7333 | O31: 1212 | P31: 10506 | U31: 11479 | X31: 1165 | AA31: 11176 | AB31: 11479 | AC31: 7333 | AF31: 10506 | AH31: 5933 | AI31: =COUNTIF($N$3:$R$85,AH31) -> 5 | AJ31: =COUNTIF($AA$3:$AF$85,AH31) -> 3
B32: 0.575 | C32: 30 | D32: 6833 | E32: 9501 | F32: 2486 | G32: 10988 | H32: 3944 | I32: 9091 | J32: 2 | N32: 2486 | O32: 10988 | P32: 6833 | U32: 9501 | X32: 3944 | Y32: 9091 | AA32: 6833 | AB32: 9501 | AC32: 2486 | AH32: 6352 | AI32: =COUNTIF($N$3:$R$85,AH32) -> 4 | AJ32: =COUNTIF($AA$3:$AF$85,AH32) -> 4
B33: 0.58055556 | C33: 31 | D33: 3243 | E33: 2478 | F33: 288 | G33: 8012 | H33: 987 | I33: 2403 | J33: 3 | K33: 4 | L33: maud | N33: 3243 | O33: 987 | P33: 2403 | Q33: 2478 | V33: 288 | W33: 8012 | AA33: 3243 | AB33: 2478 | AC33: 288 | AH33: 6413 | AI33: =COUNTIF($N$3:$R$85,AH33) -> 5 | AJ33: =COUNTIF($AA$3:$AF$85,AH33) -> 6
B34: 0.58611111 | C34: 32 | D34: 698 | E34: 10183 | F34: 1410 | G34: 6413 | H34: 6479 | I34: 7755 | J34: 3 | L34: anita | N34: 6413 | O34: 6479 | P34: 7755 | Q34: 698 | U34: 10183 | V34: 1410 | AA34: 698 | AB34: 10183 | AC34: 1410 | AD34: 6413 | AE34: 6479 | AF34: 7755 | AH34: 6479 | AI34: =COUNTIF($N$3:$R$85,AH34) -> 4 | AJ34: =COUNTIF($AA$3:$AF$85,AH34) -> 4
B35: 0.59166667 | C35: 33 | D35: 10905 | E35: 1828 | F35: 3009 | G35: 244 | H35: 3019 | I35: 10980 | J35: 4 | L35: milan | N35: 10905 | O35: 1828 | P35: 3009 | Q35: 3019 | W35: 244 | Y35: 10980 | AA35: 10905 | AB35: 1828 | AC35: 3009 | AD35: 244 | AE35: 3019 | AF35: 10980 | AH35: 6833 | AI35: =COUNTIF($N$3:$R$85,AH35) -> 5 | AJ35: =COUNTIF($AA$3:$AF$85,AH35) -> 7
B36: 0.59722222 | C36: 34 | D36: 2080 | E36: 991 | F36: 6352 | G36: 5933 | H36: 11100 | I36: 3245 | J36: 4 | L36: leo | N36: 991 | O36: 6352 | P36: 5933 | Q36: 11100 | T36: 2080 | Y36: 3245 | AB36: 991 | AC36: 6352 | AD36: 5933 | AE36: 11100 | AF36: 3245 | AH36: 7333 | AI36: =COUNTIF($N$3:$R$85,AH36) -> 9 | AJ36: =COUNTIF($AA$3:$AF$85,AH36) -> 6
B37: 0.60277778 | C37: 35 | D37: 9777 | E37: 7426 | F37: 60 | G37: 9534 | H37: 7425 | I37: 3216 | J37: 3 | N37: 60 | O37: 9534 | P37: 7425 | Q37: 3216 | T37: 9777 | U37: 7426 | AB37: 7426 | AC37: 60 | AD37: 9534 | AH37: 7425 | AI37: =COUNTIF($N$3:$R$85,AH37) -> 5 | AJ37: =COUNTIF($AA$3:$AF$85,AH37) -> 3
B38: 0.60833333 | C38: 36 | D38: 4731 | E38: 3424 | F38: 8717 | G38: 2122 | H38: 4146 | I38: 10114 | J38: 2 | K38: 3 | L38: joep | N38: 8717 | O38: 2122 | P38: 3424 | T38: 4731 | X38: 4146 | Y38: 10114 | AA38: 4731 | AB38: 3424 | AC38: 8717 | AD38: 2122 | AE38: 4146 | AF38: 10114 | AH38: 7426 | AI38: =COUNTIF($N$3:$R$85,AH38) -> 5 | AJ38: =COUNTIF($AA$3:$AF$85,AH38) -> 6
B39: 0.61388889 | C39: 37 | D39: 2840 | E39: 10380 | F39: 9501 | G39: 10933 | H39: 9704 | I39: 11176 | J39: 1 | L39: jippe | N39: 10380 | O39: 2840 | P39: 9704 | V39: 9501 | W39: 10933 | Y39: 11176 | AB39: 10380 | AC39: 9501 | AD39: 10933 | AE39: 9704 | AF39: 11176 | AH39: 7755 | AI39: =COUNTIF($N$3:$R$85,AH39) -> 5 | AJ39: =COUNTIF($AA$3:$AF$85,AH39) -> 7
B40: 0.61944444 | C40: 38 | D40: 10506 | E40: 6413 | F40: 288 | G40: 9059 | H40: 3243 | I40: 1212 | J40: 3 | L40: timo | N40: 6413 | O40: 9059 | P40: 3243 | T40: 10506 | V40: 288 | Y40: 1212 | AA40: 10506 | AB40: 6413 | AC40: 288 | AD40: 9059 | AE40: 3243 | AF40: 1212 | AH40: 8012 | AI40: =COUNTIF($N$3:$R$85,AH40) -> 5 | AJ40: =COUNTIF($AA$3:$AF$85,AH40) -> 3
B41: 0.625 | C41: 39 | D41: 7755 | E41: 3019 | F41: 2403 | G41: 2478 | H41: 11479 | I41: 244 | J41: 3 | N41: 7755 | O41: 3019 | P41: 2403 | W41: 2478 | X41: 11479 | Y41: 244 | AA41: 7755 | AB41: 3019 | AC41: 2403 | AD41: 2478 | AF41: 244 | AH41: 8717 | AI41: =COUNTIF($N$3:$R$85,AH41) -> 5 | AJ41: =COUNTIF($AA$3:$AF$85,AH41) -> 5
B42: 0.63055556 | C42: 40 | D42: 2486 | E42: 987 | F42: 6479 | G42: 6352 | H42: 11100 | I42: 7333 | J42: 1 | N42: 11100 | O42: 7333 | T42: 2486 | U42: 987 | V42: 6479 | W42: 6352 | AB42: 987 | AF42: 7333 | AH42: 9059 | AI42: =COUNTIF($N$3:$R$85,AH42) -> 5 | AJ42: =COUNTIF($AA$3:$AF$85,AH42) -> 5
B43: 0.63611111 | C43: 41 | D43: 1410 | E43: 10980 | F43: 8012 | G43: 5933 | H43: 6833 | I43: 9534 | J43: 2 | K43: 4 | L43: maud | N43: 5933 | O43: 9534 | P43: 1410 | Q43: 6833 | U43: 10980 | V43: 8012 | AA43: 1410 | AB43: 10980 | AC43: 8012 | AF43: 9534 | AH43: 9091 | AI43: =COUNTIF($N$3:$R$85,AH43) -> 4 | AJ43: =COUNTIF($AA$3:$AF$85,AH43) -> 5
B44: 0.64166667 | C44: 42 | D44: 3216 | E44: 1165 | F44: 10905 | G44: 4731 | H44: 3245 | I44: 1828 | J44: 2 | L44: anita | N44: 10905 | O44: 1828 | P44: 3216 | Q44: 3245 | U44: 1165 | W44: 4731 | AA44: 3216 | AB44: 1165 | AC44: 10905 | AE44: 3245 | AH44: 9501 | AI44: =COUNTIF($N$3:$R$85,AH44) -> 4 | AJ44: =COUNTIF($AA$3:$AF$85,AH44) -> 6
B45: 0.64722222 | C45: 43 | D45: 7425 | E45: 991 | F45: 9091 | G45: 8717 | H45: 10183 | I45: 3009 | J45: 4 | L45: milan | N45: 7425 | O45: 991 | P45: 8717 | Q45: 3009 | V45: 9091 | X45: 10183 | AB45: 991 | AC45: 9091 | AD45: 8717 | AE45: 10183 | AF45: 3009 | AH45: 9534 | AI45: =COUNTIF($N$3:$R$85,AH45) -> 5 | AJ45: =COUNTIF($AA$3:$AF$85,AH45) -> 7
B46: 0.65277778 | C46: 44 | D46: 10933 | E46: 9777 | F46: 10380 | G46: 996 | H46: 3944 | I46: 3424 | J46: 1 | L46: leo | N46: 10380 | O46: 996 | P46: 3424 | Q46: 9777 | T46: 10933 | X46: 3944 | AC46: 10380 | AD46: 996 | AH46: 9704 | AI46: =COUNTIF($N$3:$R$85,AH46) -> 4 | AJ46: =COUNTIF($AA$3:$AF$85,AH46) -> 6
B47: 0.65833333 | C47: 45 | D47: 10114 | E47: 9704 | F47: 7426 | G47: 60 | H47: 698 | I47: 10988 | J47: 2 | N47: 60 | O47: 10988 | P47: 698 | Q47: 7426 | T47: 10114 | U47: 9704 | AA47: 10114 | AB47: 9704 | AC47: 7426 | AH47: 9777 | AI47: =COUNTIF($N$3:$R$85,AH47) -> 6 | AJ47: =COUNTIF($AA$3:$AF$85,AH47) -> 4
B48: 0.66388889 | C48: 46 | D48: 2662 | E48: 2080 | F48: 2122 | G48: 4146 | H48: 2840 | I48: 6413 | J48: 2 | K48: 3 | N48: 2122 | O48: 6413 | P48: 2080 | T48: 2662 | W48: 4146 | X48: 2840 | AA48: 2662 | AB48: 2080 | AC48: 2122 | AD48: 4146 | AE48: 2840 | AH48: 10114 | AI48: =COUNTIF($N$3:$R$85,AH48) -> 4 | AJ48: =COUNTIF($AA$3:$AF$85,AH48) -> 6
B49: 0.66944444 | C49: 47 | D49: 11479 | E49: 288 | F49: 7755 | G49: 8012 | H49: 5933 | I49: 6352 | J49: 2 | L49: timo | N49: 7755 | O49: 5933 | T49: 11479 | U49: 288 | W49: 8012 | Y49: 6352 | AA49: 11479 | AC49: 7755 | AH49: 10183 | AI49: =COUNTIF($N$3:$R$85,AH49) -> 4 | AJ49: =COUNTIF($AA$3:$AF$85,AH49) -> 6
B50: 0.675 | C50: 48 | D50: 987 | E50: 6833 | F50: 244 | G50: 9501 | H50: 3216 | I50: 4731 | J50: 0 | L50: joep | N50: 244 | O50: 3216 | P50: 4731 | T50: 987 | U50: 6833 | W50: 9501 | AA50: 987 | AB50: 6833 | AC50: 244 | AH50: 10380 | AI50: =COUNTIF($N$3:$R$85,AH50) -> 5 | AJ50: =COUNTIF($AA$3:$AF$85,AH50) -> 4
B51: 0.68055556 | C51: 49 | D51: 3009 | E51: 7333 | F51: 9534 | G51: 9059 | H51: 8717 | I51: 2403 | J51: 0 | N51: 7333 | T51: 3009 | V51: 9534 | W51: 9059 | X51: 8717 | Y51: 2403 | AA51: 3009 | AB51: 7333 | AC51: 9534 | AH51: 10506 | AI51: =COUNTIF($N$3:$R$85,AH51) -> 5 | AJ51: =COUNTIF($AA$3:$AF$85,AH51) -> 5
B52: 0.68611111 | C52: 50 | D52: 7425 | E52: 10905 | F52: 3944 | G52: 1828 | H52: 6479 | I52: 10506 | J52: 3 | N52: 7425 | O52: 10905 | P52: 1828 | V52: 3944 | X52: 6479 | Y52: 10506 | AA52: 7425 | AB52: 10905 | AC52: 3944 | AD52: 1828 | AH52: 10905 | AI52: =COUNTIF($N$3:$R$85,AH52) -> 5 | AJ52: =COUNTIF($AA$3:$AF$85,AH52) -> 5
B53: 0.69166667 | C53: 51 | D53: 3245 | E53: 10988 | F53: 10183 | G53: 2478 | H53: 996 | I53: 698 | J53: 1 | K53: 2 | L53: maud | N53: 10988 | O53: 698 | P53: 10183 | T53: 3245 | W53: 2478 | X53: 996 | AA53: 3245 | AB53: 10988 | AC53: 10183 | AD53: 2478 | AE53: 996 | AF53: 698 | AH53: 10933 | AI53: =COUNTIF($N$3:$R$85,AH53) -> 4 | AJ53: =COUNTIF($AA$3:$AF$85,AH53) -> 4
B54: 0.69722222 | C54: 52 | D54: 11176 | E54: 3243 | F54: 9777 | G54: 2486 | H54: 2662 | I54: 10114 | J54: 1 | L54: timo | N54: 3243 | O54: 9777 | P54: 2662 | T54: 11176 | W54: 2486 | Y54: 10114 | AB54: 3243 | AC54: 9777 | AD54: 2486 | AE54: 2662 | AF54: 10114 | AH54: 10980 | AI54: =COUNTIF($N$3:$R$85,AH54) -> 4 | AJ54: =COUNTIF($AA$3:$AF$85,AH54) -> 6
B55: 0.70277778 | C55: 53 | D55: 11100 | E55: 9704 | F55: 2840 | G55: 3019 | H55: 1212 | I55: 4146 | J55: 2 | N55: 11100 | O55: 3019 | U55: 9704 | V55: 2840 | X55: 1212 | Y55: 4146 | AB55: 9704 | AC55: 2840 | AD55: 3019 | AE55: 1212 | AF55: 4146 | AH55: 10988 | AI55: =COUNTIF($N$3:$R$85,AH55) -> 5 | AJ55: =COUNTIF($AA$3:$AF$85,AH55) -> 4
B56: 0.70833333 | C56: 54 | D56: 9091 | E56: 1410 | F56: 2080 | G56: 3424 | H56: 10380 | I56: 60 | J56: 2 | N56: 10380 | O56: 60 | T56: 9091 | U56: 1410 | V56: 2080 | W56: 3424 | AA56: 2122 | AB56: 10933 | AD56: 7426 | AE56: 1165 | AF56: 991 | AH56: 11100 | AI56: =COUNTIF($N$3:$R$85,AH56) -> 6 | AJ56: =COUNTIF($AA$3:$AF$85,AH56) -> 5
A57: nu scouten | B57: 0.71388889 | C57: 55 | D57: 2122 | E57: 10933 | F57: 10980 | G57: 7426 | H57: 1165 | I57: 991 | J57: 2 | N57: 2122 | O57: 991 | U57: 10933 | V57: 10980 | W57: 7426 | X57: 1165 | AB57: 11479 | AC57: 6833 | AD57: 3009 | AH57: 11176 | AI57: =COUNTIF($N$3:$R$85,AH57) -> 4 | AJ57: =COUNTIF($AA$3:$AF$85,AH57) -> 6
B58: 0.71944444 | C58: 56 | D58: 6413 | E58: 11479 | F58: 6833 | G58: 3009 | H58: 288 | I58: 244 | J58: 2 | K58: 3 | L58: maud | N58: 6413 | O58: 6833 | U58: 11479 | W58: 3009 | X58: 288 | Y58: 244 | AB58: 11479 | AC58: 6833 | AD58: 3009 | AH58: 11479 | AI58: =COUNTIF($N$3:$R$85,AH58) -> 5 | AJ58: =COUNTIF($AA$3:$AF$85,AH58) -> 8
B59: 0.725 | C59: 57 | D59: 698 | E59: 10506 | F59: 3245 | G59: 2403 | H59: 4731 | I59: 5933 | J59: 2 | L59: anita | N59: 5933 | O59: 3245 | T59: 698 | U59: 10506 | W59: 2403 | X59: 4731
B60: 0.73055556 | C60: 58 | D60: 1828 | E60: 10114 | F60: 10183 | G60: 9534 | H60: 6352 | I60: 2662 | J60: 3 | L60: jippe | N60: 1828 | O60: 10114 | P60: 2662 | V60: 10183 | W60: 9534 | X60: 6352
B61: 0.73611111 | C61: 59 | D61: 9501 | E61: 9059 | F61: 10905 | G61: 9777 | H61: 8012 | I61: 4146 | J61: 3 | N61: 10905 | O61: 4146 | P61: 9777 | T61: 9501 | U61: 9059 | X61: 8012
A62: replay | B62: 0.36805556 | C62: 60 | D62: 6479 | E62: 996 | F62: 10988 | G62: 3424 | H62: 1212 | I62: 2080 | J62: 2 | N62: 10988 | O62: 996 | P62: 1212 | T62: 6479 | W62: 3424 | Y62: 2080
B63: 0.37361111 | C63: 61 | D63: 11100 | E63: 7755 | F63: 7425 | G63: 7333 | H63: 10380 | I63: 2122 | J63: 2 | K63: 3 | L63: maud | M63: 61 | N63: 7333 | T63: 11100 | U63: 7755 | V63: 7425 | X63: 10380 | Y63: 2122 | AA63: 11100 | AB63: 7755 | AC63: 7425
B64: 0.37916667 | C64: 62 | D64: 2478 | E64: 7426 | F64: 11176 | G64: 1165 | H64: 9091 | I64: 3243 | J64: 3 | L64: joep | M64: 62 | N64: 3243 | O64: 7426 | P64: 11176 | T64: 2478 | W64: 1165 | X64: 9091 | AA64: 2478 | AB64: 7426 | AC64: 11176 | AF64: 3243
B65: 0.38472222 | C65: 63 | D65: 1410 | E65: 2486 | F65: 991 | G65: 3019 | H65: 3216 | I65: 9704 | J65: 2 | L65: Yannis | M65: 63 | N65: 991 | O65: 3019 | T65: 1410 | U65: 2486 | X65: 3216 | Y65: 9704 | AA65: 1410 | AB65: 2486 | AC65: 991 | AD65: 3019
A66: blauw moet | B66: 0.39027778 | C66: 64 | D66: 3944 | E66: 60 | F66: 8717 | G66: 2840 | H66: 10980 | I66: 987 | J66: 3 | M66: 64 | N66: 60 | O66: 2840 | P66: 10980 | T66: 3944 | V66: 8717 | Y66: 987 | AA66: 3944 | AB66: 60 | AC66: 8717 | AD66: 2840 | AE66: 10980 | AF66: 987
A67: paars mag | B67: 0.39583333 | C67: 65 | D67: 3245 | E67: 10933 | F67: 6413 | H67: 10506 | I67: 9777 | J67: 1 | M67: 65 | N67: 6413 | O67: 3245 | P67: 10933 | W67: 6833 | X67: 10506 | Y67: 9777 | AA67: 3245 | AB67: 10933 | AC67: 6413 | AE67: 10506
A68: geel als laatst | B68: 0.40138889 | C68: 66 | D68: 10988 | E68: 4146 | F68: 4731 | G68: 11479 | H68: 9534 | I68: 6479 | J68: 3 | K68: 3 | L68: nick | M68: 66 | N68: 10988 | O68: 4146 | P68: 11479 | V68: 4731 | X68: 9534 | Y68: 6479 | AA68: 10988 | AB68: 4146 | AC68: 4731 | AD68: 11479 | AE68: 9534 | AF68: 6479
B69: 0.40694444 | C69: 67 | D69: 1828 | E69: 3424 | F69: 11100 | G69: 288 | H69: 2403 | I69: 9501 | J69: 3 | L69: maud | M69: 67 | N69: 1828 | O69: 288 | P69: 9501 | U69: 3424 | V69: 11100 | X69: 2403 | AA69: 1828 | AB69: 3424 | AC69: 11100 | AD69: 288 | AE69: 2403 | AF69: 9501
B70: 0.4125 | C70: 68 | D70: 2122 | E70: 6352 | F70: 698 | G70: 9091 | H70: 11176 | I70: 9059 | J70: 1 | L70: anita | M70: 68 | N70: 9091 | T70: 2122 | U70: 6352 | V70: 698 | X70: 11176 | Y70: 9059 | AA70: 2122 | AB70: 6352 | AC70: 698 | AD70: 9091 | AF70: 9059
B71: 0.41805556 | C71: 69 | D71: 8012 | E71: 244 | F71: 1165 | G71: 991 | H71: 1212 | I71: 9704 | J71: 3 | M71: 69 | N71: 991 | O71: 9704 | P71: 8012 | U71: 244 | V71: 1165 | X71: 1212
B72: 0.42361111 | C72: 70 | D72: 10905 | E72: 3019 | F72: 5933 | G72: 60 | H72: 7333 | I72: 3243 | J72: 2 | M72: 70 | N72: 60 | O72: 7333 | T72: 10905 | U72: 3019 | V72: 5933 | Y72: 3243
B73: 0.42916667 | C73: 71 | D73: 8717 | E73: 2840 | F73: 2662 | G73: 996 | H73: 7755 | I73: 7426 | J73: 2 | K73: 2 | L73: maud | M73: 71 | N73: 996 | O73: 2840 | P73: 7426 | T73: 8717 | V73: 2662 | X73: 7755
B74: 0.43472222 | C74: 72 | D74: 987 | E74: 1410 | F74: 10933 | G74: 10183 | H74: 2486 | I74: 7425 | J74: 2 | L74: yannis | M74: 72 | N74: 1410 | O74: 10183 | P74: 10933 | T74: 987 | X74: 2486 | Y74: 7425
B75: 0.44027778 | C75: 73 | D75: 10114 | E75: 3216 | F75: 3944 | G75: 2080 | H75: 3009 | I75: 2478 | J75: 1 | M75: 73 | N75: 2080 | O75: 10114 | P75: 3944 | U75: 3216 | X75: 3009 | Y75: 2478
B76: 0.44583333 | C76: 74 | D76: 10380 | E76: 2403 | F76: 10506 | G76: 10980 | H76: 9501 | I76: 6352 | J76: 2 | M76: 74 | N76: 10980 | O76: 9501 | P76: 10506 | T76: 10380 | U76: 2403 | Y76: 6352
B77: 0.45138889 | C77: 75 | D77: 288 | E77: 8012 | F77: 9534 | G77: 6479 | H77: 2122 | I77: 3245 | J77: 2 | M77: 75 | N77: 288 | O77: 8012 | V77: 9534 | W77: 6479 | X77: 2122 | Y77: 3245
B78: 0.45694444 | C78: 76 | D78: 7333 | E78: 10988 | F78: 1828 | G78: 60 | H78: 6413 | I78: 991 | J78: 1 | K78: 3 | L78: maud | M78: 76 | N78: 7333 | U78: 10988 | V78: 1828 | W78: 60 | X78: 6413 | Y78: 991
B79: 0.4625 | C79: 77 | D79: 9704 | E79: 9091 | F79: 7755 | G79: 9777 | H79: 4731 | I79: m | J79: 2 | L79: anita | M79: 77 | N79: 4731 | O79: 9704 | P79: 9777 | Q79: 9091 | V79: 7755 | Y79: 3019
B80: 0.46805556 | C80: 78 | D80: 244 | E80: 2662 | F80: 698 | G80: 3424 | H80: 7425 | I80: 10933 | J80: 3 | L80: nick | M80: 78 | N80: 244 | O80: 698 | P80: 3424 | Q80: 10933 | U80: 2662 | X80: 7425
B81: 0.47361111 | C81: 79 | D81: 7426 | E81: 8717 | F81: 11100 | G81: 10905 | H81: 1410 | I81: 11479 | J81: 2 | M81: 79 | N81: 1410 | O81: 7426 | P81: 11479 | U81: 8717 | V81: 11100 | W81: 10905
B82: 0.47916667 | C82: 80 | D82: 3009 | E82: 11176 | F82: 1165 | G82: 987 | H82: 5933 | I82: 996 | J82: 1 | M82: 80 | N82: 1165 | T82: 3009 | U82: 11176 | W82: 987 | X82: 5933 | Y82: 996
B83: 0.48472222 | C83: 81 | D83: 1212 | E83: 2662 | F83: 2486 | G83: 10980 | H83: 4146 | I83: 2080 | J83: 3 | M83: 81 | N83: 4146 | O83: 10980 | P83: 2478 | Q83: 2080 | T83: 1212 | V83: 2486
B84: 0.49027778 | C84: 82 | D84: 3243 | E84: 2840 | F84: 3944 | G84: 3216 | H84: 9059 | I84: 10183 | J84: 2 | N84: 10183 | O84: 3944 | T84: 3243 | U84: 2840 | W84: 3216 | X84: 9059
B85: 0.49583333 | C85: 83 | D85: 4775.4026 | E85: 4847.808 | F85: 5287.6174 | G85: 5698.8236 | H85: 6513.3457 | I85: 5822.0654 | J85: 0 | N85: 288 | O85: 6833 | P85: 10114 | T85: 10380 | V85: 3019 | X85: 2122

Sheet Matches
A1: match_key | B1: scheduled_date | C1: scheduled_time | D1: comp_level | E1: match_number | F1: set_number | G1: red1 | H1: red2 | I1: red3 | J1: blue1 | K1: blue2 | L1: blue3 | M1: red_score | N1: blue_score
A2: 2026azfg_qm1 | B2: 46094 | C2: 0.36805556 | D2: qm | E2: 1 | F2: 1 | G2: 6479 | H2: 5933 | I2: 9091 | J2: 2840 | K2: 2403 | L2: 10114 | M2: 93 | N2: 53
A3: 2026azfg_qm2 | B3: 46094 | C3: 0.37361111 | D3: qm | E3: 2 | F3: 1 | G3: 10380 | H3: 2478 | I3: 6833 | J3: 991 | K3: 10905 | L3: 2662 | M3: 48 | N3: 32
A4: 2026azfg_qm3 | B4: 46094 | C4: 0.37916667 | D4: qm | E4: 3 | F4: 1 | G4: 9704 | H4: 3424 | I4: 987 | J4: 10506 | K4: 9059 | L4: 7426 | M4: 128 | N4: 235
A5: 2026azfg_qm4 | B5: 46094 | C5: 0.38472222 | D5: qm | E5: 4 | F5: 1 | G5: 996 | H5: 244 | I5: 8717 | J5: 288 | K5: 698 | L5: 2486 | M5: 47 | N5: 102
A6: 2026azfg_qm5 | B6: 46094 | C6: 0.39027778 | D6: qm | E6: 5 | F6: 1 | G6: 3019 | H6: 6352 | I6: 1165 | J6: 3944 | K6: 9534 | L6: 6413 | M6: 48 | N6: 16
A7: 2026azfg_qm6 | B7: 46094 | C7: 0.39583333 | D7: qm | E7: 6 | F7: 1 | G7: 10988 | H7: 10980 | I7: 3216 | J7: 11176 | K7: 8012 | L7: 11100 | M7: 122 | N7: 9
A8: 2026azfg_qm7 | B8: 46094 | C8: 0.40138889 | D8: qm | E8: 7 | F8: 1 | G8: 10183 | H8: 2122 | I8: 60 | J8: 11479 | K8: 9777 | L8: 9501 | M8: 311 | N8: 94
A9: 2026azfg_qm8 | B9: 46094 | C9: 0.40694444 | D9: qm | E9: 8 | F9: 1 | G9: 1212 | H9: 4731 | I9: 7333 | J9: 2080 | K9: 10933 | L9: 1828 | M9: 83 | N9: 33
A10: 2026azfg_qm9 | B10: 46094 | C10: 0.4125 | D10: qm | E10: 9 | F10: 1 | G10: 4146 | H10: 3009 | I10: 3243 | J10: 7755 | K10: 3245 | L10: 1410 | M10: 70 | N10: 177
A11: 2026azfg_qm10 | B11: 46094 | C11: 0.41805556 | D11: qm | E11: 10 | F11: 1 | G11: 5933 | H11: 7425 | I11: 2478 | J11: 9059 | K11: 6833 | L11: 3424 | M11: 55 | N11: 22
A12: 2026azfg_qm11 | B12: 46094 | C12: 0.43055556 | D12: qm | E12: 11 | F12: 1 | G12: 9534 | H12: 996 | I12: 9704 | J12: 9091 | K12: 6413 | L12: 10905 | M12: 14 | N12: 49
A13: 2026azfg_qm12 | B13: 46094 | C13: 0.43611111 | D13: qm | E13: 12 | F13: 1 | G13: 3944 | H13: 288 | I13: 6479 | J13: 244 | K13: 991 | L13: 11176 | M13: 109 | N13: 119
... A99: 2026azfg_f1m2 | B99: 46095 | C99: 0.70833333 | D99: f | E99: 2 | F99: 1 | G99: 2122 | H99: 7426 | I99: 7755 | J99: 1410 | K99: 3245 | L99: 6413 | M99: 372 | N99: 83

Sheet Alliances
B1: C | C1: 1e | D1: 2e | E1: 3e
A2: A1 | B2: 2122 | C2: 7426 | D2: 2478 | E2: 7755
A3: A2 | B3: 2486 | C3: 987 | D3: 4731
A4: A3 | B4: 3245 | C4: 6413 | D4: 1410
A5: A4 | B5: 6479 | C5: 9501 | D5: 7333 | E5: 60
A6: A5 | B6: 10114 | C6: 3243 | D6: 2403
A7: A6 | B7: 10980 | C7: 3216 | D7: 10933
A8: A7 | B8: 10183 | C8: 7425 | D8: 1165 | E8: 11479
A9: A8 | B9: 991 | C9: 3019 | D9: 1212

Sheet Practice day input
A1: Scouter Initials | B1: Match Number | C1: Robot | D1: Team Number | E1: Starting Position | F1: No Show | G1: Preload | H1: Moved? | I1: Shoot | J1: Climbing | K1: PickUp Ground | L1: PickUP Human Player | M1: PickUp Depot | N1: +1 | O1: +3 | P1: +5 | Q1: Amount in Hub | R1: Defence/ to other side | S1: End Position | T1: Died? | U1: Tipped/Fell Over? | V1: Comments | W1: driver skill | Y1: no show lijst
A2: Jippe | B2: 1 | C2: B2 | D2: 2122 | E2: O | F2: false | G2: true | H2: true | I2: true | J2: No attempt | K2: true | L2: false | M2: false | N2: 0 | O2: 0 | P2: 40 | Q2: 82 | R2: false | S2: NA | T2: true | U2: false | V2: Intake didn't work after auto, robot didn't lose connection but had trouble driving. Maybe CAN or swerve issue | W2: 3 | Y2: Match | Z2: team | AB2: opmerking
A3: Anita Karki | B3: 1 | C3: B3 | D3: 1165 | E3: D | F3: false | G3: true | H3: false | I3: false | J3: NA | K3: true | L3: false | M3: false | N3: 5 | O3: 15 | P3: 20 | Q3: 1 | R3: false | S3: NA | T3: false | U3: false | V3: robot got stuck, robot shoot the fuell but not in hub | W3: 2 | Y3: 1 | Z3: 996
A4: Anita Karki | B4: 2 | C4: B3 | D4: 3245 | E4: D | F4: false | G4: true | H4: true | I4: true | J4: NA | K4: true | L4: false | M4: false | N4: 0 | O4: 0 | P4: 55 | Q4: 80 | R4: true | S4: NA | T4: false | U4: false | V4: oke | W4: 4
A5: Maud m | B5: 3 | C5: B1 | D5: 991 | E5: O | F5: false | G5: true | H5: true | I5: true | J5: NA | K5: true | L5: false | M5: false | N5: 9 | O5: 15 | P5: 30 | Q5: 31 | R5: false | S5: NA | T5: false | U5: false | V5: Shooter did not work well | W5: 3
A6: Jippe | B6: 4 | C6: B2 | D6: 60 | E6: O | F6: false | G6: true | H6: false | I6: false | J6: No attempt | K6: true | L6: false | M6: false | N6: 15 | O6: 3 | P6: 0 | Q6: 11 | R6: false | S6: NA | T6: false | U6: false | W6: 2
A7: Maud M | B7: 4 | C7: B1 | D7: 1828 | E7: D | F7: false | G7: true | H7: false | I7: false | J7: No attempt | K7: true | L7: false | M7: false | N7: 0 | O7: 9 | P7: 20 | Q7: 86 | R7: false | S7: NA | T7: false | U7: false | V7: Twice stuck on bump | W7: 3
A8: Maud M | B8: 5 | C8: B1 | D8: 6413 | E8: D | F8: false | G8: true | H8: true | I8: false | J8: No attempt | K8: true | L8: false | M8: true | N8: 4 | O8: 9 | P8: 30 | Q8: 1 | R8: false | S8: NA | T8: false | U8: false | V8: Stood still end of match | W8: 4
A9: 677Nick | B9: 5 | C9: R3 | D9: 2486 | E9: D | F9: false | G9: true | H9: true | I9: false | J9: NA | K9: true | L9: false | M9: false | N9: 2 | O9: 3 | P9: 25 | Q9: 41 | R9: false | S9: NA | T9: false | U9: false | V9: Got stuck on bump, got help getting off | W9: 3
A10: LeoV | B10: 5 | C10: R1 | D10: 7425 | E10: H | F10: false | G10: true | H10: true | I10: true | J10: No attempt | K10: true | L10: false | M10: true | N10: 0 | O10: 0 | P10: 20 | Q10: 64 | R10: false | S10: NA | T10: false | U10: false | V10: Slow start shooting | W10: 4
A11: Anita Karki | B11: 5 | C11: B3 | D11: 10933 | E11: O | F11: false | G11: true | H11: false | I11: false | J11: NA | K11: false | L11: false | M11: false | N11: 0 | O11: 3 | P11: 0 | Q11: 33 | R11: true | S11: No Attempt | T11: false | U11: false | V11: deden niet intaken, schoten niet op doel, hebben klimber maar deden niet klimmen | W11: 2
A12: Joep | B12: 6 | C12: B2 | D12: 1410 | E12: O | F12: false | G12: true | H12: true | I12: true | J12: NA | K12: false | L12: false | M12: false | N12: 0 | O12: 0 | P12: 0 | Q12: 100 | R12: false | S12: NA | T12: false | U12: false | V12: Intake didn't work. | W12: 4
A13: LeoV | B13: 6 | C13: B3 | D13: 7426 | E13: O | F13: false | G13: true | H13: true | I13: false | J13: NA | K13: true | L13: true | M13: true | N13: 0 | O13: 0 | P13: 75 | Q13: 89 | R13: true | S13: A | T13: false | U13: false | V13: Fast and quick shoots anlot of balls to the alliance zone | W13: 5
A14: TimoS | B14: 6 | C14: B1 | D14: 2840 | E14: D | F14: false | G14: true | H14: false | I14: true | J14: NA | K14: true | L14: false | M14: false | N14: 0 | O14: 3 | P14: 0 | Q14: 35 | R14: false | S14: NA | T14: false | U14: false | V14: Incos. Intake, shooter missed many | W14: 3
A15: TimoS | B15: 7 | C15: B3 | D15: 7333 | E15: D | F15: false | G15: true | H15: true | I15: true | J15: NA | K15: false | L15: false | M15: fslse | N15: 0 | O15: 0 | P15: 25 | Q15: 50 | R15: false | S15: NA | T15: false | U15: false | W15: 5
A16: TimoS | B16: 8 | C16: B1 | D16: 11479 | E16: D | F16: false | G16: true | H16: true | I16: true | J16: NA | K16: true | L16: false | M16: false | N16: 0 | O16: 18 | P16: 30 | Q16: 50 | R16: false | S16: NA | T16: false | U16: false | W16: 3
A17: Joep | B17: 8 | C17: B2 | D17: 987 | E17: O | F17: false | G17: true | H17: true | I17: true | J17: NA | K17: true | L17: false | M17: false | N17: 6 | O17: 0 | P17: 0 | Q17: 80 | R17: false | S17: NA | T17: true | U17: false | W17: 4
A18: TimoS | B18: 9 | C18: B1 | D18: 9059 | E18: O | F18: false | G18: false | H18: false | I18: false | J18: NA | K18: true | L18: false | M18: false | N18: 0 | O18: 0 | P18: 0 | R18: false | S18: NA | T18: false | U18: false | V18: Incos. Intake, shooter jammer or something | W18: 3
A19: Joep | B19: 9 | C19: B2 | D19: 4731 | E19: H | F19: false | G19: true | H19: true | I19: true | J19: NA | K19: true | L19: false | M19: false | N19: 16 | O19: 0 | P19: 0 | Q19: 10 | R19: false | S19: A | T19: false | U19: false | V19: Couldn't get balls through the shooter | W19: 3
A20: TimoS | B20: 10 | C20: B1 | D20: 6413 | E20: H | F20: false | G20: true | H20: true | I20: false | K20: false | L20: false | M20: false | N20: 0 | O20: 0 | P20: 10 | Q20: 70 | R20: false | S20: NA | T20: false | U20: false | V20: Beached on ramp for 1 min. | W20: 3
A21: Joep | B21: 10 | C21: B2 | D21: 2122 | E21: O | F21: false | G21: true | H21: true | I21: true | J21: NA | K21: true | L21: false | M21: false | N21: 0 | O21: 0 | P21: 110 | Q21: 90 | R21: false | S21: NA | T21: false | U21: false | W21: 5
A22: Yannis | B22: 11 | C22: B1 | D22: 3243 | E22: D | F22: false | G22: true | H22: true | I22: true | J22: NA | K22: true | L22: false | M22: flse | O22: E4
A23: Nick | B23: 11 | C23: B2 | D23: 2662 | E23: H | F23: false | G23: true | H23: false | I23: false | K23: false | L23: false | M23: false | N23: 0 | O23: 0 | P23: 0 | R23: false | S23: NA | T23: false | U23: false | V23: Nothing happened, could drive though | W23: 1
A24: LeoV | B24: 11 | C24: B3 | D24: 7425 | E24: H | F24: false | G24: true | H24: true | I24: true | K24: false | L24: false | M24: true | N24: 0 | O24: 0 | P24: 30 | Q24: 43 | R24: true | S24: NA | T24: false | U24: false | V24: Slow in transition between collect and shoot | W24: 3
A25: Yannis | B25: 12 | C25: B2 | D25: 10114 | E25: H | F25: false | G25: true | H25: true | I25: true | J25: A | K25: true | L25: false | M25: false | N25: 10 | O25: 15 | P25: 10 | Q25: 50 | R25: false | S25: A | T25: false | U25: false | W25: 3
A26: LeoV | B26: 12 | C26: B3 | D26: 3224 | E26: O | F26: false | G26: false | H26: false | I26: false | K26: true | L26: false | M26: false | N26: 0 | O26: 15 | P26: 0 | Q26: 60 | R26: false | S26: NA | T26: false | U26: true | V26: Broke and stranded, Slow shooter | W26: 3
A27: LeoV | B27: 13 | C27: R1 | D27: 7333 | E27: O | F27: false | G27: true | H27: true | I27: false | J27: NA | K27: true | L27: true | M27: false | N27: 0 | O27: 0 | P27: 40 | Q27: 55 | R27: false | S27: NA | T27: false | U27: false | V27: Slow shooting and slow positioning during telop | W27: 5
A28: Mil g | B28: 13 | C28: B1 | D28: 7333 | E28: D | F28: false | G28: true | H28: true | I28: false | J28: NA | K28: true | L28: false | M28: false | N28: 0 | O28: 0 | P28: 25 | Q28: 69 | R28: false | S28: NA | T28: false | U28: false | V28: Cancelled auto due to collision with other robot. | W28: 4
A29: Mil G | B29: 12 | C29: B1 | D29: 1410 | E29: D | F29: false | G29: true | H29: false | I29: false | J29: No attempt | K29: true | L29: false | M29: false | N29: 0 | O29: 0 | P29: 0 | Q29: 100 | R29: false | S29: NA | T29: false | U29: false | V29: Was mainly pushing fuel around the field. Started collecting fuel during the last 20 sec of the game. | W29: 5
A30: LeoV | B30: 14 | C30: B3 | D30: 5933 | E30: H | F30: false | G30: false | H30: false | I30: false | J30: NA | K30: true | L30: true | M30: false | N30: 0 | O30: 0 | P30: 15 | Q30: 34 | R30: false | S30: NA | T30: false | U30: true | V30: Slow in precise shooting slow output took his time bad aming | W30: 2
A31: LeoV | B31: 15 | C31: B3 | D31: 7425 | E31: H | F31: false | G31: true | H31: true | I31: false | J31: NA | K31: true | L31: true | M31: true | N31: 0 | O31: 3 | P31: 20 | Q31: 48 | R31: false | S31: NA | T31: false | U31: false | V31: Poor shooter got stuck on balls | W31: 5
A32: LeoV | B32: 17 | C32: B3 | D32: 9501 | E32: O | F32: false | G32: false | H32: true | I32: true | K32: true | L32: true | M32: false | N32: 0 | O32: 0 | P32: 50 | Q32: 83 | R32: false | S32: NA | T32: false | U32: false | V32: Fast and accurate shooting | W32: 5
A33: TimoS | B33: 17 | C33: B2 | D33: 10114 | E33: H | F33: false | G33: true | H33: true | I33: true | J33: L1 | K33: true | L33: false | M33: false | N33: 2 | O33: 0 | P33: 30 | Q33: 71 | R33: false | S33: 1 | T33: false | U33: false | V33: Climber got stuck L1 after auto. Could release itself after 10 sec | W33: 3
A34: Joep | B34: 18 | C34: R1 | D34: 3019 | E34: O | F34: false | G34: true | H34: false | I34: false | J34: NA | K34: true | L34: true | M34: false | N34: 0 | O34: 0 | P34: 10 | Q34: 50 | R34: false | S34: NA | T34: false | U34: false | W34: 3
A35: TimoS | B35: 1 | C35: B2 | D35: 987 | E35: O | F35: false | G35: false | H35: true | I35: true | J35: No attempt | K35: false | L35: false | M35: false | N35: 0 | O35: 0 | P35: 120 | Q35: 30 | R35: false | S35: NA | T35: false | U35: false | V35: Shoots way to hard | W35: 5
A36: LeoV | B36: 18 | C36: B3 | D36: 9059 | E36: H | F36: false | G36: true | H36: false | I36: false | J36: NA | K36: true | L36: false | M36: false | N36: 11 | O36: 0 | P36: 5 | Q36: 4 | R36: false | S36: NA | T36: false | U36: false | V36: Poor shooting | W36: 2
A37: Jippe | B37: 17 | C37: B1 | D37: 1212 | E37: O | F37: false | G37: true | H37: true | I37: false | J37: No attempt | K37: true | L37: false | M37: false | N37: 7 | O37: 3 | P37: 10 | Q37: 1 | R37: false | S37: A | T37: false | U37: false | V37: Intake is very slow | W37: 3
A38: Jippe | B38: 18 | C38: B1 | D38: 2486 | E38: D | F38: false | G38: false | H38: true | I38: true | J38: No attempt | K38: true | L38: false | M38: false | N38: 0 | O38: 0 | P38: 65 | Q38: 45 | R38: true | S38: NA | T38: false | U38: false | W38: 4
A39: Jippe | B39: 19 | C39: B1 | D39: 7333 | E39: D | F39: false | G39: true | H39: true | I39: true | J39: No attempt | K39: true | L39: false | M39: false | N39: 0 | O39: 3 | P39: 0 | Q39: 100 | R39: false | S39: NA | T39: false | U39: false | W39: 4
A40: Jippe | B40: 20 | C40: B1 | D40: 11176 | E40: D | F40: false | G40: true | H40: false | I40: false | J40: No attempt | K40: true | L40: false | M40: false | N40: 12 | O40: 9 | P40: 0 | Q40: 54 | R40: false | S40: NA | T40: false | U40: false | W40: 3
A41: Jippe | B41: 21 | C41: B1 | D41: 2662 | E41: D | F41: false | G41: false | H41: false | I41: false | J41: No attempt | K41: true | L41: false | M41: false | N41: 2 | O41: 0 | P41: 0 | Q41: 1 | R41: false | S41: NA | T41: false | U41: false | W41: 2

Sheet Pit_Input
A1: pit scouter | B1: team name | C1: team_number | D1: weight | E1: min height | F1: width and lenght | G1: hopper balls | H1: drivetrain | I1: Auto start position | J1: auto | K1: climb | L1: pick up | M1: avg cycle time | N1: over bump | O1: under trench | P1: feed from middle | Q1: Auto align | R1: shooting | S1: comments/doubts | T1: Foto | V1: klopt?
A2: Mil G | B2: Sabercat | C2: 4146 | D2: 105 no bum bat | E2: 24 inch unde trench | F2: 26x27inch | G2: 50 | H2: Swerve | I2: Depot | J2: Climb, 8 pre loaded, l1 | K2: L1 | L2: Everwhte | M2: 0 | N2: true | O2: true | P2: true | Q2: true | R2: Both | U2: =T2 -> 0 | V2: TRUE
A3: Mil G | B3: Col robotics | C3: 9059 | D3: 115 | E3: 29.5 | F3: 25.5 | G3: 40 | H3: Swerve | I3: Top, to depot, | J3: Bottom, outpost to human player | K3: No | L3: Ground and human player | M3: 0 | N3: true | O3: false | P3: true | Q3: true | R3: Both | S3: West coast products, design, t 2 lanes, 2 rollers, 2 main lanes, 2 motor powered, pid problems until testing to trouble shoot. Camera»s. | U3: =T3 -> 0 | V3: TRUE
A4: Mil G | B4: Waterford robotics | C4: 3424 | D4: 95 | E4: 21 | F4: 26,28.5 | G4: ? | H4: Swerve | I4: ? | J4: 2 versions, shoot 8 balls pre loaf and collect human player | K4: No | L4: Depot and field | M4: true | N4: true | O4: false | P4: false | Q4: Stationary | S4: 50 feul, 4 roler for spindex, into the shooter, no limelight functions, no auto aim, lineup with the hood, 2/3 balls per second. | U4: =T4 -> 0 | V4: TRUE
A5: Mil g | B5: Waterford robotics | C5: 3245 | D5: 110 | E5: 21.5 | F5: 26.26 | G5: 30-40 | H5: Swerve | I5: Outpost | J5: - | K5: No | L5: Anywhere | M5: 0 | N5: true | O5: true | P5: false | Q5: true | R5: Both | S5: Take for hopper, index the balls, limelight dir autoalign. Geared together motors 2, | U5: =T5 -> 0 | V5: TRUE
A6: Mil g | B6: Pair of dice | C6: 7426 | D6: 112 | E6: 21.5 | F6: 27.27 | G6: 40-50 | H6: Swerve | I6: Outpost | J6: 2 version, middle and shoot Middle , shoot back and climb | K6: L1 | L6: All sides | N6: true | O6: true | P6: false | Q6: true | R6: Both | S6: 3 limelights, alignment , one of sides. | U6: =T6 -> 0 | V6: TRUE
A7: Mil g | B7: Robokrew | C7: 2662 | D7: 79 | E7: 21 inch | F7: 25.28 | G7: 20 | H7: Swerve | J7: Score preload , move to neuttral zone | K7: No | N7: true | O7: true | P7: false | Q7: false | R7: Stationary | S7: Smack down intake, foxed shooter, no climb. Looks like a fish, since they are a fish | U7: =#REF! -> #REF! | V7: TRUE
A8: Maud R | B8: 10114 phantom talows | C8: 10114 | D8: 112 | E8: - | F8: 27.27 | G8: 20 | H8: Swerve | J8: Level 1 climb | K8: L1 | M8: 7 | N8: ? | O8: ? | P8: false | Q8: true | R8: true | U8: =T8 -> 0 | V8: TRUE
A9: Maud R | B9: Broncobots | C9: 991 | D9: 109 | E9: 21 | F9: 30.52 | G9: 55 | H9: Swerve | I9: Outpost | J9: Middle shoot balls goes human player | K9: - | L9: Overall | M9: 15 | N9: true | O9: true | P9: true | Q9: true | R9: Driving | U9: =T9 -> 0 | V9: TRUE
A10: Maud R | B10: Launchteam | C10: 6362 | D10: 114 | E10: 30 | F10: 30.25 | G10: 80 | H10: Swerve | I10: Hub | J10: Several ones shoot preload by all of them | K10: L1 | L10: From the ground | M10: 20 | N10: true | O10: false | P10: true | Q10: true | R10: Stationary | U10: =T10 -> 0 | V10: TRUE
A11: Maud R | B11: Dragon Hunters | C11: 10380 | D11: 107 | E11: 22 | F11: 27.27 | G11: 45 | H11: Swerve | I11: Deptt | J11: Le | M11: true | N11: false | O11: true | P11: true | Q11: false | R11: Stationary | S11: Triple shooter, extendable intake | U11: =T11 -> 0 | V11: TRUE
A12: Maud R | B12: Hamilton Microbots | C12: 698 | D12: 113 | E12: 30 | F12: 28.28 | G12: 30 | H12: Swerve | I12: Hub | J12: Shoot preload | K12: - | L12: Ground and autpost | M12: 23 | N12: true | O12: true | P12: true | Q12: true | R12: Stationary | S12: Adjustable hood, triple shooter | U12: =T12 -> 0 | V12: TRUE
A13: Maud R | B13: Desert storm | C13: 10988 | D13: 94 | E13: 22.8 | F13: 26.28 | G13: 40 | H13: Swerve | I13: Depot | J13: With preload to outpost and then shoot that | L13: Ground, outpost | M13: 15 | N13: true | O13: false | P13: false | Q13: true | R13: Stationary | U13: =T13 -> 0 | V13: TRUE
A14: Maud R | B14: RoboRabits | C14: 11176 | D14: 79 | E14: 29 | F14: 27,5,27,5 | G14: 10 | H14: Swerve | I14: Hub | J14: Shoot preload | K14: - | L14: Ground and outpost | N14: true | O14: false | P14: true | Q14: false | R14: Stationary | S14: Double shooter | U14: =T14 -> 0 | V14: TRUE
A15: Maud R | B15: Team Love | C15: 10905 | D15: 105 | E15: 22 | F15: 26.28 | G15: 45 | H15: Swerve | I15: - | J15: - | L15: Only human player | N15: true | O15: true | P15: false | Q15: false | R15: Stationary | S15: Intake is being build, double shooter, geen auto | U15: =T15 -> 0 | V15: TRUE
A16: Maud R | B16: Crash test dummies | C16: 10506 | D16: 66 | F16: 24.38 | G16: 20 | H16: Mecanum | I16: Hub | J16: Shoot preload | L16: Only ground | N16: true | O16: true | P16: true | Q16: false | R16: Stationary | S16: Intake fully 3d printer | V16: TRUE
A17: Maud R | B17: Westwood robotics | C17: 2478 | D17: 100 | E17: 22 | F17: 27.27 | G17: 55 | H17: Swerve | I17: Outpost | J17: Middle- shoot preload, Trench- picks up balls and shoots | K17: - | L17: Ground and human player | M17: 12 | N17: false | O17: true | P17: true | Q17: true | R17: Stationary | S17: Double shooter | V17: TRUE
A18: Mil g | B18: Firebird robotics | C18: 3019 | D18: 98 | E18: 26 | F18: 20.26 | G18: 20+ | H18: Swerve | I18: Depot | J18: No yet | K18: No | L18: All sides | N18: false | O18: true | P18: true | Q18: true | R18: Stationary | S18: Swerve, afjustabel shooter, roller tank, intake, movable intake, feeder to shooter, camera behind intake driver camera for intake. | V18: TRUE
A19: Mil G | B19: Aztech | C19: 6479 | D19: 103 | E19: 22 | F19: 27.27 | G19: 25 | H19: Swerve | I19: Depot | J19: Shoot preload, neutral, intake and shoot | K19: L1 | L19: Neutral, to aligens | M19: 7 | N19: true | O19: true | P19: true | Q19: true | R19: Stationary | V19: TRUE
A20: Mil g | B20: High rollers | C20: 987 | D20: 108 | E20: 22.3 | F20: 30.23 | G20: 33 | H20: Swerve | I20: Outpost | J20: Swipes, 25- 40 balls, shooting | K20: L3 | L20: Aligens and neutral | N20: true | O20: true | P20: true | Q20: true | R20: Both | S20: Issues, trail and error, seperate turrets, 1 gets jammed. Climbing is special thing. | V20: TRUE
A21: Mil g | B21: DOF | C21: 6413 | D21: 109 | E21: 24 | F21: 27.27 | G21: 41 | H21: Swerve | I21: Hub | J21: Shooting infront of hub, Sweep from middle and shoot, | K21: No | L21: Everywhere | M21: 15 | N21: true | O21: false | P21: true | Q21: false | R21: Stationary | S21: 41 balls, 3 ball fixed shooter, over the tamp, infront of the hub. Horizontal seperated from shooting, one motor fail, no shooter. | V21: TRUE
A22: Mil g | B22: Bulldogs | C22: 60 | D22: 104 | E22: 30 | F22: 28.26 | G22: 20 | H22: Tank | I22: Depot | J22: Pre load empty, over bump, intake more | K22: No | L22: Both, able for defence | M22: 0 | N22: true | O22: false | P22: true | Q22: true | R22: Stationary | S22: Pneumatics speed gearboxes, motorized, steel fly wheel, intake kit box, dropped the shooter, | V22: TRUE
A23: Mil g | B23: Sidereal envoy | C23: 9501 | D23: 103 | E23: 22 | F23: 27.5,25.9 | G23: 35 | H23: Swerve | I23: Depot | J23: Neutral, collect en shoot and depot and shoot | K23: No | L23: Everywhere | M23: 10 | N23: true | O23: true | P23: true | Q23: false | R23: Stationary | S23: Index shooter intake, adjust angle, indepentand. | V23: TRUE
A24: Mil g | B24: Sidereal envoy | C24: 9501 | D24: 103 | E24: 22 | F24: 27.5,25.9 | G24: 35 | H24: Swerve | I24: Depot | J24: Neutral, collect en shoot and depot and shoot | K24: No | L24: Everywhere | M24: 10 | N24: true | O24: true | P24: true | Q24: false | R24: Stationary | S24: Index shooter intake, adjust angle, indepentand. | V24: TRUE
A25: Nick | B25: Robodawgs 3D | C25: 244 | D25: 70/80 pounds | E25: 28 inch | F25: 27x27 inch | G25: 60 | H25: Swerve | I25: Depot | J25: Left or right, just shoot | K25: 5 | L25: nope????? | M25: 0 | N25: true | O25: false | P25: true | Q25: false | R25: Stationary | V25: TRUE
A26: Nick | B26: Robodawgs 3D | C26: 288 | D26: 94 pounds | E26: 30 inch | F26: 27x27 inch | G26: 60 | H26: Swerve | I26: Depot | J26: Left or right, just shoot | K26: None | L26: None during auto ?????? | M26: 15 | N26: true | O26: false | P26: true | Q26: false | R26: Stationary | V26: TRUE
A27: Nick | B27: Paradise | C27: 1165 | D27: 104 pounds | E27: 20.5 inch | F27: 24.5x29.5 | G27: 30 | H27: Swerve | I27: Depot | J27: Left or right, just shoot | K27: Nope | L27: Ground and outpost | M27: 0 | N27: true | O27: true | P27: true | Q27: true | R27: Driving | S27: No cycle test, prefer trench | V27: FALSE
A28: Nick | B28: Turbotics | C28: 2080 | D28: 97.3pounds | E28: 24.75 inch | F28: 27x27 inch | G28: 15 | H28: Swerve | I28: Hub | J28: No auto, starts wherever | K28: Nope | L28: Ground, outpost | M28: 11 | N28: true | O28: false | P28: true | Q28: false | R28: Stationary | V28: FALSE
A29: Nick | B29: Coconuts | C29: 2486 | D29: 111.3 pounds | E29: 21.75 inch | F29: 27x27 inch | G29: 50/60 | H29: Swerve | I29: Depot | J29: Goes to Middle to outpost | K29: Nope | L29: Ground and outposts | M29: 10 | N29: true | O29: false | P29: true | Q29: true | R29: Stationary | V29: FALSE
A30: Nick | B30: The kraken | C30: 1410 | D30: 115 pounds | E30: 21 - 22.2 inch | F30: 27x27 inch | G30: 12 | H30: Swerve | I30: Hub | J30: Can do hub and bump | K30: Nope | L30: Ground, doesnt take from outposts but can | M30: 15 | N30: true | O30: true | P30: true | Q30: false | R30: Stationary | V30: FALSE
A31: Nick | B31: Sentinels | C31: 1212 | D31: 111 pounds | E31: 29.5 inch | F31: 21 x 31.5 inch | G31: 30-40 | H31: Swerve | I31: Hub | J31: Shoots | K31: Nope | L31: Middle | M31: 25 | N31: true | O31: false | P31: true | Q31: true | R31: Stationary | V31: FALSE
A32: Nick | B32: Formosa | C32: 11479 | D32: 98 pounds | E32: No measure | F32: 67 cm | G32: 30-40 | H32: Swerve | I32: Depot | J32: Left or right, just shoot Goes to Middle and back to shoot, goes back to Middle to feed | K32: no | L32: All sides | M32: 10 | N32: false | O32: true | P32: true | Q32: true | R32: Stationary | V32: FALSE
A33: Nick | B33: Toe due samurai | C33: 10933 | D33: 114.4 pounds | E33: No measure, close to max | F33: 27x27 inch | G33: 10 | H33: Swerve | I33: Hub | J33: Starts anywhere, no auto | K33: Nope | L33: Anywhere | M33: 0 | N33: true | O33: true | P33: true | Q33: false | R33: Both | S33: Mostly plays defence | V33: FALSE
A34: Nick | B34: Launch tean | C34: 6352 | D34: 114 pounds | E34: 30inch | F34: 30x25 inch | G34: 60-80 | H34: Swerve | I34: Hub | J34: Bump either side | K34: Lvl 1 | L34: Ground pickup | M34: 20 | N34: true | O34: false | P34: true | Q34: true | R34: Stationary | V34: FALSE
V35: FALSE
V36: FALSE
V37: FALSE
V38: FALSE
V39: FALSE
V40: FALSE
V41: FALSE
V42: FALSE
V43: FALSE
V44: FALSE
V45: FALSE
V46: FALSE
... V55: FALSE

Sheet Pit checklist
A1: 60 | B1: =IF(EXACT(A1,IFERROR(VLOOKUP(A1,Pit_Input!C:S,1,FALSE),0)),"Aanwezig","Afwezig") -> Aanwezig | C1: 6413 | D1: =IF(EXACT(C1,IFERROR(VLOOKUP(C1,Pit_Input!C:S,1,FALSE),0)),"Aanwezig","Afwezig") -> Aanwezig
A2: 244 | B2: =IF(EXACT(A2,IFERROR(VLOOKUP(A2,Pit_Input!C:S,1,FALSE),0)),"Aanwezig","Afwezig") -> Aanwezig | C2: 6479 | D2: =IF(EXACT(C2,IFERROR(VLOOKUP(C2,Pit_Input!C:S,1,FALSE),0)),"Aanwezig","Afwezig") -> Aanwezig
A3: 288 | B3: =IF(EXACT(A3,IFERROR(VLOOKUP(A3,Pit_Input!C:S,1,FALSE),0)),"Aanwezig","Afwezig") -> Aanwezig | C3: 6833 | D3: =IF(EXACT(C3,IFERROR(VLOOKUP(C3,Pit_Input!C:S,1,FALSE),0)),"Aanwezig","Afwezig") -> Afwezig
A4: 698 | B4: =IF(EXACT(A4,IFERROR(VLOOKUP(A4,Pit_Input!C:S,1,FALSE),0)),"Aanwezig","Afwezig") -> Aanwezig | C4: 7333 | D4: =IF(EXACT(C4,IFERROR(VLOOKUP(C4,Pit_Input!C:S,1,FALSE),0)),"Aanwezig","Afwezig") -> Afwezig
A5: 987 | B5: =IF(EXACT(A5,IFERROR(VLOOKUP(A5,Pit_Input!C:S,1,FALSE),0)),"Aanwezig","Afwezig") -> Aanwezig | C5: 7425 | D5: =IF(EXACT(C5,IFERROR(VLOOKUP(C5,Pit_Input!C:S,1,FALSE),0)),"Aanwezig","Afwezig") -> Afwezig
A6: 991 | B6: =IF(EXACT(A6,IFERROR(VLOOKUP(A6,Pit_Input!C:S,1,FALSE),0)),"Aanwezig","Afwezig") -> Aanwezig | C6: 7426 | D6: =IF(EXACT(C6,IFERROR(VLOOKUP(C6,Pit_Input!C:S,1,FALSE),0)),"Aanwezig","Afwezig") -> Aanwezig
A7: 996 | B7: =IF(EXACT(A7,IFERROR(VLOOKUP(A7,Pit_Input!C:S,1,FALSE),0)),"Aanwezig","Afwezig") -> Afwezig | C7: 7755 | D7: =IF(EXACT(C7,IFERROR(VLOOKUP(C7,Pit_Input!C:S,1,FALSE),0)),"Aanwezig","Afwezig") -> Afwezig
A8: 1165 | B8: =IF(EXACT(A8,IFERROR(VLOOKUP(A8,Pit_Input!C:S,1,FALSE),0)),"Aanwezig","Afwezig") -> Aanwezig | C8: 8012 | D8: =IF(EXACT(C8,IFERROR(VLOOKUP(C8,Pit_Input!C:S,1,FALSE),0)),"Aanwezig","Afwezig") -> Afwezig
A9: 1212 | B9: =IF(EXACT(A9,IFERROR(VLOOKUP(A9,Pit_Input!C:S,1,FALSE),0)),"Aanwezig","Afwezig") -> Aanwezig | C9: 8717 | D9: =IF(EXACT(C9,IFERROR(VLOOKUP(C9,Pit_Input!C:S,1,FALSE),0)),"Aanwezig","Afwezig") -> Afwezig
A10: 1410 | B10: =IF(EXACT(A10,IFERROR(VLOOKUP(A10,Pit_Input!C:S,1,FALSE),0)),"Aanwezig","Afwezig") -> Aanwezig | C10: 9059 | D10: =IF(EXACT(C10,IFERROR(VLOOKUP(C10,Pit_Input!C:S,1,FALSE),0)),"Aanwezig","Afwezig") -> Aanwezig
A11: 1828 | B11: =IF(EXACT(A11,IFERROR(VLOOKUP(A11,Pit_Input!C:S,1,FALSE),0)),"Aanwezig","Afwezig") -> Afwezig | C11: 9091 | D11: =IF(EXACT(C11,IFERROR(VLOOKUP(C11,Pit_Input!C:S,1,FALSE),0)),"Aanwezig","Afwezig") -> Afwezig
A12: 2080 | B12: =IF(EXACT(A12,IFERROR(VLOOKUP(A12,Pit_Input!C:S,1,FALSE),0)),"Aanwezig","Afwezig") -> Aanwezig | C12: 9501 | D12: =IF(EXACT(C12,IFERROR(VLOOKUP(C12,Pit_Input!C:S,1,FALSE),0)),"Aanwezig","Afwezig") -> Aanwezig
... A28: 5933 | B28: =IF(EXACT(A28,IFERROR(VLOOKUP(A28,Pit_Input!C:S,1,FALSE),0)),"Aanwezig","Afwezig") -> Afwezig | C28: 11479 | D28: =IF(EXACT(C28,IFERROR(VLOOKUP(C28,Pit_Input!C:S,1,FALSE),0)),"Aanwezig","Afwezig") -> Aanwezig
A29: 6352 | B29: =IF(EXACT(A29,IFERROR(VLOOKUP(A29,Pit_Input!C:S,1,FALSE),0)),"Aanwezig","Afwezig") -> Aanwezig

Sheet Per_Team
A1: Team Number | B1: Team name | Q1: Pit scouting | S1: Avg alles
A2: 3944 | B2: =Y4 -> 0 | Q2: Weight | R2: =AA4 -> 0 | S2: =AVERAGE(Pit_Input!D2:D99) -> 101.72727
Q3: Min Height | R3: =AB4 -> 0 | S3: =AVERAGE(Pit_Input!E2:E99) -> 24.25625 | X3: pit scouter | Y3: team name | Z3: team_number | AA3: weight | AB3: min height | AC3: max height | AD3: breedte en lengte | AE3: hopper balls | AF3: drivetrain | AG3: Auto start positie | AH3: auto | AI3: climb | AJ3: pick up | AK3: avg cycle time | AL3: over bump | AM3: onder balk | AN3: feed from middle | AO3: Auto align | AP3: Hoe schieten | AQ3: comments/doubts | AR3: Foto
A4: Procent hit | B4: Climb | C4: amount | E4: Start where | F4: amount | H4: Pick up | I4: amount | K4: Auto | L4: procent | N4: Balls | Q4: Max height | R4: =AC4 -> 0 | S4: =AVERAGE(Pit_Input!#REF!) -> #REF! | X4: {=_xlfn._xlws.FILTER(Tabel2[], Tabel2[team_number]=A2, "Geen resultaten")} -> Geen resultaten
A5: =AVERAGE(Q32:Q99)/100 -> 0.42 | B5: L1 | C5: =COUNTIF(S32:S99,"L1") -> 0 | E5: Depot | F5: =COUNTIF(E32:E99, "D") -> 1 | H5: Ground | I5: =COUNTIF(K32:K105, "true") -> 1 | K5: Moved | L5: =COUNTIF(H32:H99,"true")/COUNT(B32:B99) -> 0 | N5: min | O5: {=MIN(IF(AB11:AB30>0, AB11:AB30))} -> 2 | Q5: Hopperballs | R5: =AE4 -> 0 | S5: =AVERAGE(Pit_Input!G2:G99) -> 35.44
B6: L2 | C6: =COUNTIF(S32:S99,"L2") -> 0 | E6: Hub | F6: =COUNTIF(E32:E99, "H") -> 1 | H6: Human Player | I6: =COUNTIF(L32:L99, "true") -> 0 | K6: Climb | L6: =COUNTIF(J32:J99,"true")/COUNT(B32:B99) -> 0 | N6: avg | O6: =AVERAGE(AB11:AB84) -> 3.25 | Q6: Drivetrain | R6: =AF4 -> 0
B7: L3 | C7: =COUNTIF(S32:S99,"L3") -> 0 | E7: Outpost | F7: =COUNTIF(E32:E99, "O") -> 2 | H7: Depot | I7: =COUNTIF(M32:M99,"true") -> 0 | K7: Shoot | L7: =COUNTIF(I32:I99,"true")/COUNT(B32:B99) -> 0 | N7: max | O7: =MAX(AB11:AB84) -> 8 | Q7: Climb | R7: =AI4 -> 0
B8: Attempt | C8: =COUNTIF(S32:S99,"A") -> 0 | K8: Gem | L8: =AVERAGE(I32:I46) -> #DIV/0! | Q8: Pickup | R8: =AJ4 -> 0
B9: No Attempt | C9: =COUNTIF(S32:S99,"NA") -> 3 | K9: max | L9: =MAX(I32:I51) -> 0 | Q9: cycle time | R9: =AK4 -> 0 | S9: =AVERAGE(Pit_Input!M2:M99) -> 10
A10: avg balls per match | Q10: over bump | R10: =AL4 -> 0 | AB10: som per match
Q11: under trench | R11: =AM4 -> 0 | S11: =COUNTIF(Pit_Input!O2:O63,1) -> 0 | T11: /56 | Y11: {=IF(N32:P64="","",N32:P64)} -> 0 | Z11: 0 | AA11: 0 | AB11: =IF(COUNT(Y11:AA11)=0,"",SUM(Y11:AA11)) -> 0
Q12: feed middle | R12: =AN4 -> 0 | S12: =COUNTIF(Pit_Input!P2:P62,1) -> 0 | T12: /56 | Y12: 2 | Z12: 0 | AA12: 0 | AB12: =IF(COUNT(Y12:AA12)=0,"",SUM(Y12:AA12)) -> 2
Q13: auto align | R13: =AO4 -> 0 | S13: =COUNTIF(Pit_Input!Q2:Q62,1) -> 0 | T13: /56 | Y13: 3 | Z13: 0 | AA13: 0 | AB13: =IF(COUNT(Y13:AA13)=0,"",SUM(Y13:AA13)) -> 3
A14: =AVERAGE(AB11:AB60) -> 3.25 | R14: =AP4 -> 0 | Y14: 2 | Z14: 6 | AA14: 0 | AB14: =IF(COUNT(Y14:AA14)=0,"",SUM(Y14:AA14)) -> 8
AB15: =IF(COUNT(Y15:AA15)=0,"",SUM(Y15:AA15))
AB16: =IF(COUNT(Y16:AA16)=0,"",SUM(Y16:AA16))
AB17: =IF(COUNT(Y17:AA17)=0,"",SUM(Y17:AA17))
B18: most | C18: =INDEX(B5:B7,MATCH(MAX(C5:C7),C5:C7,0)) -> L1 | E18: most | F18: =INDEX(E5:E7,MATCH(MAX(F5:F7),F5:F7,0)) -> Outpost | H18: most | I18: =INDEX(H5:H7,MATCH(MAX(I5:I7),I5:I7,0)) -> Ground | AB18: =IF(COUNT(Y18:AA18)=0,"",SUM(Y18:AA18))
AB19: =IF(COUNT(Y19:AA19)=0,"",SUM(Y19:AA19))
B20: Comments | J20: Comments Pit | AB20: =IF(COUNT(Y20:AA20)=0,"",SUM(Y20:AA20))
B21: {=IFERROR(_xlfn._xlws.FILTER(V32:V99, (V32:V99<>"") * (ISNUMBER(V32:V99)=FALSE)), "")} -> Mainly focused on ball feeding | J21: {=IFERROR(_xlfn._xlws.FILTER(AQ4:AQ71, (AQ4:AQ71<>"") * (ISNUMBER(AQ4:AQ71)=FALSE)), "")} | AB21: =IF(COUNT(Y21:AA21)=0,"",SUM(Y21:AA21))
AB22: =IF(COUNT(Y22:AA22)=0,"",SUM(Y22:AA22))
AB23: =IF(COUNT(Y23:AA23)=0,"",SUM(Y23:AA23))
AB24: =IF(COUNT(Y24:AA24)=0,"",SUM(Y24:AA24))
AB25: =IF(COUNT(Y25:AA25)=0,"",SUM(Y25:AA25))
AB26: =IF(COUNT(Y26:AA26)=0,"",SUM(Y26:AA26))
AB27: =IF(COUNT(Y27:AA27)=0,"",SUM(Y27:AA27))
AB28: =IF(COUNT(Y28:AA28)=0,"",SUM(Y28:AA28))
AB29: =IF(COUNT(Y29:AA29)=0,"",SUM(Y29:AA29))
AB30: =IF(COUNT(Y30:AA30)=0,"",SUM(Y30:AA30))
A31: Scouter Initials | B31: Match Number | C31: Robot | D31: Team Number | E31: Starting Position | F31: No Show | G31: Preload | H31: Moved? | I31: Shoot | J31: Climbing | K31: PickUp Ground | L31: PickUP Human Player | M31: PickUp Depot | N31: +1 | O31: +3 | P31: +5 | Q31: Amount in Hub | R31: Defence/ to other side | S31: End Position | T31: Died? | U31: Tipped/Fell Over? | V31: Comments | W31: driver skill | AB31: =IF(COUNT(Y31:AA31)=0,"",SUM(Y31:AA31))
A32: {=_xlfn._xlws.FILTER(Tabel1[], Tabel1[Team Number]=A2, "Geen resultaten")} -> LeoV | B32: 5 | C32: B1 | D32: 3944 | E32: D | F32: false | G32: true | H32: false | I32: false | J32: NA | K32: false | L32: false | M32: false | N32: 0 | O32: 0 | P32: 0 | Q32: 1 | R32: false | S32: NA | T32: true | U32: false | V32: 0 | W32: 3 | AB32: =IF(COUNT(Y32:AA32)=0,"",SUM(Y32:AA32))
A33: JV | B33: 50 | C33: R3 | D33: 3944 | E33: H | F33: false | G33: true | H33: false | I33: false | J33: NA | K33: false | L33: false | M33: false | N33: 2 | O33: 0 | P33: 0 | Q33: 20 | R33: false | S33: NA | T33: false | U33: false | V33: Mainly focused on ball feeding | W33: 5 | AB33: =IF(COUNT(Y33:AA33)=0,"",SUM(Y33:AA33))
A34: BW | B34: 64 | C34: R1 | D34: 3944 | E34: O | F34: false | G34: true | H34: false | I34: false | J34: NA | K34: true | L34: false | M34: false | N34: 3 | O34: 0 | P34: 0 | Q34: 65 | R34: true | S34: NA | T34: false | U34: false | V34: 0 | W34: 3 | AB34: =IF(COUNT(Y34:AA34)=0,"",SUM(Y34:AA34))
A35: Jippe | B35: 73 | C35: R3 | D35: 3944 | E35: O | F35: false | G35: false | H35: false | I35: false | J35: No attempt | K35: false | L35: false | M35: false | N35: 2 | O35: 6 | P35: 0 | Q35: 82 | R35: false | S35: No Attempt | T35: true | U35: false | V35: 0 | W35: 2 | AB35: =IF(COUNT(Y35:AA35)=0,"",SUM(Y35:AA35))
AB36: =IF(COUNT(Y36:AA36)=0,"",SUM(Y36:AA36))
AB37: =IF(COUNT(Y37:AA37)=0,"",SUM(Y37:AA37))
AB38: =IF(COUNT(Y38:AA38)=0,"",SUM(Y38:AA38))
AB39: =IF(COUNT(Y39:AA39)=0,"",SUM(Y39:AA39))
AB40: =IF(COUNT(Y40:AA40)=0,"",SUM(Y40:AA40))
AB41: =IF(COUNT(Y41:AA41)=0,"",SUM(Y41:AA41))
AB42: =IF(COUNT(Y42:AA42)=0,"",SUM(Y42:AA42))
AB43: =IF(COUNT(Y43:AA43)=0,"",SUM(Y43:AA43))
AB44: =IF(COUNT(Y44:AA44)=0,"",SUM(Y44:AA44))
AB45: =IF(COUNT(Y45:AA45)=0,"",SUM(Y45:AA45))
AB46: =IF(COUNT(Y46:AA46)=0,"",SUM(Y46:AA46))
AB47: =IF(COUNT(Y47:AA47)=0,"",SUM(Y47:AA47))
... AB67: =IF(COUNT(Y67:AA67)=0,"",SUM(Y67:AA67))

Sheet Match_Planner
A1: Match
A2: 2 | C2: R1 | D2: R2 | E2: R3 | F2: =IF(G3,"R4","") | G2: =IF(G3,"Playoffs", "Qualifications") -> Qualifications | I2: B1 | J2: B2 | K2: B3 | L2: =IF(G3,"B4","") | N2: match_number | O2: red1 | P2: blue1 | Q2: red2 | R2: blue2 | S2: red3 | T2: blue3 | V2: Rood 1 | W2: pit scouter | X2: team name | Y2: team_number | Z2: weight | AA2: min height | AB2: max height | AC2: breedte en lengte | AD2: hopper balls | AE2: drivetrain | AF2: Auto start positie | AG2: auto | AH2: climb | AI2: pick up | AJ2: avg cycle time | AK2: over bump | AL2: onder balk | AM2: feed from middle | AN2: Auto align | AO2: Hoe schieten | AP2: comments/doubts | AQ2: Foto
B3: A4 | C3: =IF($G$3,_xlfn.XLOOKUP($B$3, $B$26:$B$33, $C$26:$C$33),_xlfn.XLOOKUP($A$2, $N$3:$N$95, $O$3:$O$95)) -> 10380 | D3: =IF(G3,_xlfn.XLOOKUP($B$3, $B$26:$B$33, $D$26:$D$33),_xlfn.XLOOKUP($A$2, $N$3:$N$95, $Q$3:$Q$95)) -> 6833 | E3: =IF(G3,_xlfn.XLOOKUP($B$3, $B$26:$B$33, $E$26:$E$33),_xlfn.XLOOKUP($A$2, $N$3:$N$95,$T$3:$T$95)) -> 2662 | F3: =IF(G3,_xlfn.XLOOKUP($B$3, $B$26:$B$33, $F$26:$F$33),"") | G3: FALSE | H3: A1 | I3: =_xlfn.XLOOKUP($H$3, $B$26:$B$33, $C$26:$C$33) -> 2122 | J3: =_xlfn.XLOOKUP($H$3, $B$26:$B$33, $D$26:$D$33) -> 7426 | K3: =_xlfn.XLOOKUP($H$3, $B$26:$B$33, $E$26:$E$33) -> 2478 | L3: =IF(G3,_xlfn.XLOOKUP($H$3, $B$26:$B$33, $F$26:$F$33),"") | N3: 1 | O3: 6479 | P3: 5933 | Q3: 9091 | R3: 2840 | S3: 2403 | T3: 10114 | W3: {=_xlfn._xlws.FILTER(Tabel2[], Tabel2[team_number]=C3, "Geen resultaten")} -> Maud R | X3: Dragon Hunters | Y3: 10380 | Z3: 107 | AA3: 22 | AB3: 27.27 | AC3: 45 | AD3: Swerve | AE3: Deptt | AF3: Le | AG3: 0 | AH3: 0 | AI3: true | AJ3: false | AK3: true | AL3: true | AM3: false | AN3: Stationary | AO3: Triple shooter, extendable intake
A4: Climb | B4: L1 | C4: =COUNTIF($AO$6:$AO$17,"L1") -> 0 | D4: =COUNTIF($AO$22:$AO$33,"L1") -> 0 | E4: =COUNTIF($AO$38:$AO$48,"L1") -> 0 | F4: =IF(G3,COUNTIF($AO$54:$AO$64,"L1"),"") | I4: =COUNTIF($AM$70:$AM$80,"L1") -> 0 | J4: =COUNTIF($AM$86:$AM$95,"L1") -> 0 | K4: =COUNTIF($AM$95:$AM$110,"L1") -> 0 | L4: =IF(G3,COUNTIF($AF$117:$AF$127,"L1"),"") | N4: 2 | O4: 10380 | P4: 2478 | Q4: 6833 | R4: 991 | S4: 10905 | T4: 2662
B5: L2 | C5: =COUNTIF($AO$6:$AO$17,"L2") -> 0 | D5: =COUNTIF($AO$22:$AO$33,"L2") -> 0 | E5: =COUNTIF($AO$38:$AO$48,"L2") -> 0 | F5: =IF(G3,COUNTIF($AO$54:$AO$64,"L2"),"") | I5: =COUNTIF($AM$70:$AM$80,"L2") -> 0 | J5: =COUNTIF($AM$86:$AM$95,"L2") -> 0 | K5: =COUNTIF($AM$95:$AM$110,"L2") -> 0 | L5: =IF(G3,COUNTIF($AF$117:$AF$127,"L2"),"") | N5: 3 | O5: 9704 | P5: 3424 | Q5: 987 | R5: 10506 | S5: 9059 | T5: 7426 | W5: Scouter Initials | X5: Match Number | Y5: Robot | Z5: Team Number | AA5: Starting Position | AB5: No Show | AC5: Preload | AD5: Moved? | AE5: Shoot | AF5: Climbing | AG5: PickUp Ground | AH5: PickUP Human Player | AI5: PickUp Depot | AJ5: +1 | AK5: +3 | AL5: +5 | AM5: Amount in Hub | AN5: Defence/ to other side | AO5: End Position | AP5: Died? | AQ5: Tipped/Fell Over? | AR5: Comments | AS5: driver skill
B6: L3 | C6: =COUNTIF($AO$6:$AO$17,"L3") -> 0 | D6: =COUNTIF($AO$22:$AO$33,"L3") -> 0 | E6: =COUNTIF($AO$38:$AO$48,"L3") -> 0 | F6: =IF(G3,COUNTIF($AO$54:$AO$64,"L3"),"") | I6: =COUNTIF($AM$70:$AM$80,"L3") -> 0 | J6: =COUNTIF($AM$86:$AM$95,"L3") -> 0 | K6: =COUNTIF($AM$95:$AM$110,"L3") -> 0 | L6: =IF(G3,COUNTIF($AF$117:$AF$127,"L3"),"") | N6: 4 | O6: 996 | P6: 244 | Q6: 8717 | R6: 288 | S6: 698 | T6: 2486 | W6: {=_xlfn._xlws.FILTER(Tabel1[], Tabel1[Team Number]=C3, "Geen resultaten")} -> Jippe | X6: 26 | Y6: B3 | Z6: 10380 | AA6: O | AB6: false | AC6: true | AD6: false | AE6: false | AF6: No attempt | AG6: true | AH6: false | AI6: false | AJ6: 0 | AK6: 0 | AL6: 30 | AM6: 51 | AN6: false | AO6: NA | AP6: false | AQ6: false | AR6: Kinda died, had trouble moving | AS6: 4 | AU6: =IF(COUNT(AJ6:AL6)=0,"",SUM(AJ6:AL6)) -> 30
A7: avg | B7: Cycles | C7: =AVERAGE(AJ6:AJ17) -> 24.2 | D7: =AVERAGE(AJ22:AJ33) -> 0.83333333 | E7: =AVERAGE(AJ38:AJ48) -> 7.5 | F7: =IF(G3,AVERAGE(AJ54:AJ64),"") | I7: =AVERAGE($AJ$70:$AJ$80) -> 55.4 | J7: =AVERAGE($AJ$86:$AJ$95) -> 1.8 | K7: =AVERAGE($AJ$95:$AJ$110) -> 2.4 | L7: =IF(G3,AVERAGE($AJ$117:$AJ$127),"") | N7: 5 | O7: 3019 | P7: 6352 | Q7: 1165 | R7: 3944 | S7: 9534 | T7: 6413 | W7: AA | X7: 37 | Y7: R2 | Z7: 10380 | AA7: H | AB7: false | AC7: true | AD7: false | AE7: true | AF7: NA | AG7: true | AH7: false | AI7: false | AJ7: 0 | AK7: 0 | AL7: 0 | AM7: 100 | AN7: false | AO7: NA | AP7: false | AQ7: false | AR7: Had good support an could»ve done good just didn»t do much of anything | AS7: 2 | AU7: =IF(COUNT(AJ7:AL7)=0,"",SUM(AJ7:AL7)) -> 0
A8: avg | B8: Hopper balls | C8: =AD3 -> Swerve | D8: =AD19 -> 0 | E8: =AD35 -> Swerve | F8: =IF(G3,AD51,"") | I8: =$AD$67 -> 0 | J8: =AD83 -> Swerve | K8: =AD98 -> Swerve | L8: =IF(G3,AD114,"") | N8: 6 | O8: 10988 | P8: 10980 | Q8: 3216 | R8: 11176 | S8: 8012 | T8: 11100 | W8: JV | X8: 45 | Y8: R3 | Z8: 10380 | AA8: H | AB8: false | AC8: true | AD8: true | AE8: true | AF8: L1 | AG8: true | AH8: false | AI8: false | AJ8: 121 | AK8: 0 | AL8: 0 | AM8: 94 | AN8: false | AO8: NA | AP8: false | AQ8: false | AR8: Absolute flawless offense | AS8: 5 | AU8: =IF(COUNT(AJ8:AL8)=0,"",SUM(AJ8:AL8)) -> 121
B9: avg balls | C9: =AW10 -> 32.4 | D9: =AW25 -> 15.5 | E9: =AW43 -> 7.5 | F9: =IF(G3,AW59,"") | I9: =AW75 -> 221.4 | J9: =AW91 -> 95.2 | K9: =AW107 -> 23.4 | L9: =IF(G3,AW123,"") | N9: 7 | O9: 10183 | P9: 2122 | Q9: 60 | R9: 11479 | S9: 9777 | T9: 9501 | W9: LeoV | X9: 53 | Y9: B2 | Z9: 10380 | AA9: D | AB9: false | AC9: true | AD9: false | AE9: false | AF9: NA | AG9: true | AH9: false | AI9: false | AJ9: 0 | AK9: 6 | AL9: 5 | AM9: 21 | AN9: false | AO9: NA | AP9: false | AQ9: false | AR9: Faulty shooter no active participation in the game | AS9: 2 | AU9: =IF(COUNT(AJ9:AL9)=0,"",SUM(AJ9:AL9)) -> 11 | AW9: gem
B10: % in hub | C10: =AVERAGE(AM6:AM17) -> 73.2 | D10: =AVERAGE(AM22:AM33) -> 64.333333 | E10: =AVERAGE(AM38:AM48) -> 53.666667 | F10: =IF(G3,AVERAGE(AM54:AM64),"") | I10: =AVERAGE(AM70:AM81) -> 92.6 | J10: =AVERAGE(AM86:AM96) -> 88.2 | K10: =AVERAGE(AM95:AM110) -> 65.6 | L10: =IF(G3,AVERAGE(AM117:AM127),"") | N10: 8 | O10: 1212 | P10: 4731 | Q10: 7333 | R10: 2080 | S10: 10933 | T10: 1828 | W10: BW | X10: 74 | Y10: R1 | Z10: 10380 | AA10: H | AB10: false | AC10: false | AD10: false | AE10: false | AF10: NA | AG10: false | AH10: false | AI10: false | AJ10: 0 | AK10: 0 | AL10: 0 | AM10: 100 | AN10: false | AO10: NA | AP10: true | AQ10: false | AR10: Broken hopper, did not shoot, barely gave fuel to human players. | AS10: 1 | AU10: =IF(COUNT(AJ10:AL10)=0,"",SUM(AJ10:AL10)) -> 0 | AW10: =AVERAGE(AU6:AU17) -> 32.4
A11: start position | B11: Depot | C11: =COUNTIF($AA$6:$AA$17,"D") -> 1 | D11: =COUNTIF($AA$22:$AA$33,"D") -> 0 | E11: =COUNTIF($AA$38:$AA$48,"D") -> 1 | F11: =IF(G3,COUNTIF($AA$54:$AA$64,"D"),"") | I11: =COUNTIF($AA$70:$AA$80,"D") -> 1 | J11: =COUNTIF($AA$86:$AA$95,"D") -> 1 | K11: =COUNTIF($AA$101:$AA$111,"D") -> 4 | L11: =IF(G3,COUNTIF($AA$117:$AA$127,"D"),"") | N11: 9 | O11: 4146 | P11: 3009 | Q11: 3243 | R11: 7755 | S11: 3245 | T11: 1410 | AU11: =IF(COUNT(AJ11:AL11)=0,"",SUM(AJ11:AL11))
B12: Hub | C12: =COUNTIF($AA$6:$AA$17,"H") -> 3 | D12: =COUNTIF($AA$22:$AA$33,"H") -> 5 | E12: =COUNTIF($AA$38:$AA$48,"H") -> 4 | F12: =IF(G3,COUNTIF($AA$54:$AA$64,"H"),"") | I12: =COUNTIF($AA$70:$AA$80,"h") -> 2 | J12: =COUNTIF($AA$86:$AA$95,"H") -> 3 | K12: =COUNTIF($AA$101:$AA$111,"h") -> 0 | L12: =IF(G3,COUNTIF($AA$117:$AA$127,"h"),"") | N12: 10 | O12: 5933 | P12: 7425 | Q12: 2478 | R12: 9059 | S12: 6833 | T12: 3424 | AU12: =IF(COUNT(AJ12:AL12)=0,"",SUM(AJ12:AL12))
B13: Outpost | C13: =COUNTIF($AA$6:$AA$17,"O") -> 1 | D13: =COUNTIF($AA$22:$AA$33,"O") -> 1 | E13: =COUNTIF($AA$38:$AA$48,"O") -> 1 | F13: =IF(G3,COUNTIF($AA$54:$AA$64,"O"),"") | I13: =COUNTIF($AA$70:$AA$80,"o") -> 2 | J13: =COUNTIF($AA$86:$AA$95,"O") -> 1 | K13: =COUNTIF($AA$101:$AA$111,"o") -> 1 | L13: =IF(G3,COUNTIF($AA$117:$AA$127,"o"),"") | N13: 11 | O13: 9534 | P13: 996 | Q13: 9704 | R13: 9091 | S13: 6413 | T13: 10905 | AU13: =IF(COUNT(AJ13:AL13)=0,"",SUM(AJ13:AL13))
N14: 12 | O14: 3944 | P14: 288 | Q14: 6479 | R14: 244 | S14: 991 | T14: 11176 | AU14: =IF(COUNT(AJ14:AL14)=0,"",SUM(AJ14:AL14))
N15: 13 | O15: 2403 | P15: 2486 | Q15: 10988 | R15: 1165 | S15: 8717 | T15: 2122 | AU15: =IF(COUNT(AJ15:AL15)=0,"",SUM(AJ15:AL15))
N16: 14 | O16: 10506 | P16: 10183 | Q16: 8012 | R16: 7426 | S16: 2080 | T16: 3019 | AU16: =IF(COUNT(AJ16:AL16)=0,"",SUM(AJ16:AL16))
B17: auto start P | C17: =AF3 -> Le | D17: =AF19 -> 0 | E17: =AF35 -> Score preload , move to neuttral zone | F17: =IF(G3,AF51,"") | I17: =AF67 -> 0 | J17: =AF83 -> 2 version, middle and shoot Middle , shoot back and climb | K17: =AF98 -> Middle- shoot preload, Trench- picks up balls and shoots | L17: =IF(G3,AF114,"") | N17: 15 | O17: 10114 | P17: 9501 | Q17: 1212 | R17: 2662 | S17: 7333 | T17: 1410 | AU17: =IF(COUNT(AJ17:AL17)=0,"",SUM(AJ17:AL17))
B18: auto | C18: =AG3 -> 0 | D18: =AG19 -> 0 | E18: =AG35 -> No | F18: =IF(G3,AG51,"") | I18: =AG67 -> 0 | J18: =AG83 -> L1 | K18: =AG98 -> - | L18: =IF(G3,AG114,"") | N18: 16 | O18: 6352 | P18: 7755 | Q18: 4146 | R18: 10933 | S18: 60 | T18: 3216 | V18: Rood 2 | W18: pit scouter | X18: team name | Y18: team_number | Z18: weight | AA18: min height | AB18: max height | AC18: breedte en lengte | AD18: hopper balls | AE18: drivetrain | AF18: Auto start positie | AG18: auto | AH18: climb | AI18: pick up | AJ18: avg cycle time | AK18: over bump | AL18: onder balk | AM18: feed from middle | AN18: Auto align | AO18: Hoe schieten | AP18: comments/doubts | AQ18: Foto | AU18: =IF(COUNT(AJ18:AL18)=0,"",SUM(AJ18:AL18))
N19: 17 | O19: 698 | P19: 987 | Q19: 11479 | R19: 10980 | S19: 1828 | T19: 9777 | W19: {=_xlfn._xlws.FILTER(Tabel2[], Tabel2[team_number]=D3, "Geen resultaten")} -> Geen resultaten | AU19: =IF(COUNT(AJ19:AL19)=0,"",SUM(AJ19:AL19))
N20: 18 | O20: 3243 | P20: 11100 | Q20: 4731 | R20: 7425 | S20: 3009 | T20: 2840 | AU20: =IF(COUNT(AJ20:AL20)=0,"",SUM(AJ20:AL20))
N21: 19 | O21: 1165 | P21: 3245 | Q21: 9059 | R21: 8717 | S21: 6479 | T21: 10380 | W21: Scouter Initials | X21: Match Number | Y21: Robot | Z21: Team Number | AA21: Starting Position | AB21: No Show | AC21: Preload | AD21: Moved? | AE21: Shoot | AF21: Climbing | AG21: PickUp Ground | AH21: PickUP Human Player | AI21: PickUp Depot | AJ21: +1 | AK21: +3 | AL21: +5 | AM21: Amount in Hub | AN21: Defence/ to other side | AO21: End Position | AP21: Died? | AQ21: Tipped/Fell Over? | AR21: Comments | AS21: driver skill | AU21: =IF(COUNT(AJ21:AL21)=0,"",SUM(AJ21:AL21))
N22: 20 | O22: 2486 | P22: 2122 | Q22: 996 | R22: 3019 | S22: 10506 | T22: 2478 | W22: {=_xlfn._xlws.FILTER(Tabel1[], Tabel1[Team Number]=D3, "Geen resultaten")} -> Anita Karki | X22: 2 | Y22: R3 | Z22: 6833 | AA22: H | AB22: false | AC22: true | AD22: true | AE22: true | AF22: NA | AG22: true | AH22: false | AI22: false | AJ22: 0 | AK22: 9 | AL22: 0 | AM22: 76 | AN22: true | AO22: NA | AP22: false | AQ22: false | AR22: mainly pushed fuel around | AS22: 4 | AU22: =IF(COUNT(AJ22:AL22)=0,"",SUM(AJ22:AL22)) -> 9
N23: 21 | O23: 2662 | P23: 9091 | Q23: 288 | R23: 7333 | S23: 3944 | T23: 8012 | W23: Mil g | X23: 10 | Y23: B2 | Z23: 6833 | AA23: H | AB23: false | AC23: false | AD23: true | AE23: true | AF23: No attempt | AG23: true | AH23: false | AI23: false | AJ23: 0 | AK23: 3 | AL23: 20 | AM23: 100 | AN23: false | AO23: NA | AP23: false | AQ23: false | AR23: 0 | AS23: 5 | AU23: =IF(COUNT(AJ23:AL23)=0,"",SUM(AJ23:AL23)) -> 23
N24: 22 | O24: 2403 | P24: 11176 | Q24: 1212 | R24: 10183 | S24: 10905 | T24: 6833 | W24: Yannis | X24: 22 | Y24: B3 | Z24: 6833 | AA24: H | AB24: false | AC24: true | AD24: true | AE24: true | AF24: NA | AG24: true | AH24: false | AI24: false | AJ24: 1 | AK24: 6 | AL24: 25 | AM24: 33 | AN24: false | AO24: NA | AP24: false | AQ24: false | AR24: 0 | AS24: 4 | AU24: =IF(COUNT(AJ24:AL24)=0,"",SUM(AJ24:AL24)) -> 32 | AW24: gem
C25: C | D25: 1e | E25: 2e | F25: 3e | N25: 23 | O25: 3216 | P25: 2080 | Q25: 11479 | R25: 9501 | S25: 698 | T25: 10933 | W25: TimoS | X25: 30 | Y25: R1 | Z25: 6833 | AA25: H | AB25: false | AC25: false | AD25: true | AE25: true | AF25: NA | AG25: true | AH25: false | AI25: false | AJ25: 4 | AK25: 0 | AL25: 20 | AM25: 64 | AN25: false | AO25: NA | AP25: false | AQ25: false | AR25: 0 | AS25: 4 | AU25: =IF(COUNT(AJ25:AL25)=0,"",SUM(AJ25:AL25)) -> 24 | AW25: =AVERAGE(AU22:AU33) -> 15.5
B26: A1 | C26: 2122 | D26: 7426 | E26: 2478 | F26: 7755 | N26: 24 | O26: 6352 | P26: 9777 | Q26: 2840 | R26: 1410 | S26: 10988 | T26: 3009 | W26: AA | X26: 48 | Y26: R2 | Z26: 6833 | AA26: H | AB26: false | AC26: true | AD26: true | AE26: true | AF26: NA | AG26: true | AH26: false | AI26: false | AJ26: 0 | AK26: 0 | AL26: 5 | AM26: 48 | AN26: false | AO26: NA | AP26: false | AQ26: false | AR26: Calm and poor pickup/carry | AS26: 2 | AU26: =IF(COUNT(AJ26:AL26)=0,"",SUM(AJ26:AL26)) -> 5
B27: A2 | C27: 2486 | D27: 987 | E27: 4731 | N27: 25 | O27: 991 | P27: 9534 | Q27: 3424 | R27: 7755 | S27: 3243 | T27: 987 | W27: LeoV | X27: 56 | Y27: R3 | Z27: 6833 | AA27: O | AB27: false | AC27: true | AD27: false | AE27: false | AF27: NA | AG27: true | AH27: false | AI27: true | AJ27: 0 | AK27: 0 | AL27: 0 | AM27: 65 | AN27: false | AO27: A | AP27: false | AQ27: false | AR27: Feeda outpost, helped stuk teammeat | AS27: 3 | AU27: =IF(COUNT(AJ27:AL27)=0,"",SUM(AJ27:AL27)) -> 0
B28: A3 | C28: 3245 | D28: 6413 | E28: 1410 | N28: 26 | O28: 4146 | P28: 7426 | Q28: 5933 | R28: 6413 | S28: 1828 | T28: 10380 | AU28: =IF(COUNT(AJ28:AL28)=0,"",SUM(AJ28:AL28))
B29: A4 | C29: 6479 | D29: 9501 | E29: 7333 | F29: 60 | N29: 27 | O29: 3245 | P29: 10114 | Q29: 10980 | R29: 9704 | S29: 244 | T29: 7425 | AU29: =IF(COUNT(AJ29:AL29)=0,"",SUM(AJ29:AL29))
B30: A5 | C30: 10114 | D30: 3243 | E30: 2403 | N30: 28 | O30: 4731 | P30: 60 | Q30: 9059 | R30: 11100 | S30: 2662 | T30: 996 | AU30: =IF(COUNT(AJ30:AL30)=0,"",SUM(AJ30:AL30))
B31: A6 | C31: 10980 | D31: 3216 | E31: 10933 | N31: 29 | O31: 11176 | P31: 11479 | Q31: 7333 | R31: 1212 | S31: 1165 | T31: 10506 | AU31: =IF(COUNT(AJ31:AL31)=0,"",SUM(AJ31:AL31))
B32: A7 | C32: 10183 | D32: 7425 | E32: 1165 | F32: 11479 | N32: 30 | O32: 6833 | P32: 9501 | Q32: 2486 | R32: 10988 | S32: 3944 | T32: 9091 | AU32: =IF(COUNT(AJ32:AL32)=0,"",SUM(AJ32:AL32))
B33: A8 | C33: 991 | D33: 3019 | E33: 1212 | N33: 31 | O33: 3243 | P33: 2478 | Q33: 288 | R33: 8012 | S33: 987 | T33: 2403 | AU33: =IF(COUNT(AJ33:AL33)=0,"",SUM(AJ33:AL33))
N34: 32 | O34: 698 | P34: 10183 | Q34: 1410 | R34: 6413 | S34: 6479 | T34: 7755 | V34: Rood 3 | W34: pit scouter | X34: team name | Y34: team_number | Z34: weight | AA34: min height | AB34: max height | AC34: breedte en lengte | AD34: hopper balls | AE34: drivetrain | AF34: Auto start positie | AG34: auto | AH34: climb | AI34: pick up | AJ34: avg cycle time | AK34: over bump | AL34: onder balk | AM34: feed from middle | AN34: Auto align | AO34: Hoe schieten | AP34: comments/doubts | AQ34: Foto | AU34: =IF(COUNT(AJ34:AL34)=0,"",SUM(AJ34:AL34))
N35: 33 | O35: 10905 | P35: 1828 | Q35: 3009 | R35: 244 | S35: 3019 | T35: 10980 | W35: {=_xlfn._xlws.FILTER(Tabel2[], Tabel2[team_number]=E3, "Geen resultaten")} -> Mil g | X35: Robokrew | Y35: 2662 | Z35: 79 | AA35: 21 inch | AB35: 25.28 | AC35: 20 | AD35: Swerve | AE35: 0 | AF35: Score preload , move to neuttral zone | AG35: No | AH35: 0 | AI35: 0 | AJ35: true | AK35: true | AL35: false | AM35: false | AN35: Stationary | AO35: Smack down intake, foxed shooter, no climb. Looks like a fish, since they are a fish | AU35: =IF(COUNT(AJ35:AL35)=0,"",SUM(AJ35:AL35))
N36: 34 | O36: 2080 | P36: 991 | Q36: 6352 | R36: 5933 | S36: 11100 | T36: 3245 | AU36: =IF(COUNT(AJ36:AL36)=0,"",SUM(AJ36:AL36))
N37: 35 | O37: 9777 | P37: 7426 | Q37: 60 | R37: 9534 | S37: 7425 | T37: 3216 | W37: Scouter Initials | X37: Match Number | Y37: Robot | Z37: Team Number | AA37: Starting Position | AB37: No Show | AC37: Preload | AD37: Moved? | AE37: Shoot | AF37: Climbing | AG37: PickUp Ground | AH37: PickUP Human Player | AI37: PickUp Depot | AJ37: +1 | AK37: +3 | AL37: +5 | AM37: Amount in Hub | AN37: Defence/ to other side | AO37: End Position | AP37: Died? | AQ37: Tipped/Fell Over? | AR37: Comments | AS37: driver skill | AU37: =IF(COUNT(AJ37:AL37)=0,"",SUM(AJ37:AL37))
N38: 36 | O38: 4731 | P38: 3424 | Q38: 8717 | R38: 2122 | S38: 4146 | T38: 10114 | W38: {=_xlfn._xlws.FILTER(Tabel1[], Tabel1[Team Number]=E3, "Geen resultaten")} -> LeoV | X38: 2 | Y38: B3 | Z38: 2662 | AA38: D | AB38: false | AC38: false | AD38: false | AE38: false | AF38: NA | AG38: true | AH38: false | AI38: false | AJ38: 0 | AK38: 0 | AL38: 0 | AM38: 1 | AN38: false | AO38: NA | AP38: false | AQ38: false | AR38: Looks like ilthenintake broke and the they did not shoot | AS38: 2 | AU38: =IF(COUNT(AJ38:AL38)=0,"",SUM(AJ38:AL38)) -> 0
N39: 37 | O39: 2840 | P39: 10380 | Q39: 9501 | R39: 10933 | S39: 9704 | T39: 11176 | W39: Joep | X39: 28 | Y39: B2 | Z39: 2662 | AA39: H | AB39: false | AC39: true | AD39: false | AE39: false | AF39: NA | AG39: true | AH39: false | AI39: false | AJ39: 4 | AK39: 0 | AL39: 0 | AM39: 50 | AN39: false | AO39: NA | AP39: false | AQ39: false | AR39: Intake didn't work well | AS39: 3 | AU39: =IF(COUNT(AJ39:AL39)=0,"",SUM(AJ39:AL39)) -> 4
N40: 38 | O40: 10506 | P40: 6413 | Q40: 288 | R40: 9059 | S40: 3243 | T40: 1212 | W40: LeoV | X40: 52 | Y40: B2 | Z40: 2662 | AA40: O | AB40: false | AC40: true | AD40: false | AE40: false | AF40: NA | AG40: false | AH40: false | AI40: false | AJ40: 0 | AK40: 0 | AL40: 0 | AM40: 1 | AN40: false | AO40: No Attempt | AP40: false | AQ40: false | AR40: intake broken, not feeding outpost | AS40: 3 | AU40: =IF(COUNT(AJ40:AL40)=0,"",SUM(AJ40:AL40)) -> 0
N41: 39 | O41: 7755 | P41: 3019 | Q41: 2403 | R41: 2478 | S41: 11479 | T41: 244 | W41: GD | X41: 46 | Y41: R1 | Z41: 2662 | AA41: H | AB41: false | AC41: false | AD41: true | AE41: false | AF41: No attempt | AG41: true | AH41: false | AI41: true | AJ41: 41 | AK41: 0 | AL41: 0 | AM41: 70 | AN41: false | AO41: NA | AP41: false | AQ41: false | AR41: Lots of balls | AS41: 4 | AU41: =IF(COUNT(AJ41:AL41)=0,"",SUM(AJ41:AL41)) -> 41
N42: 40 | O42: 2486 | P42: 987 | Q42: 6479 | R42: 6352 | S42: 11100 | T42: 7333 | W42: Jippe | X42: 71 | Y42: R3 | Z42: 2662 | AA42: H | AB42: false | AC42: true | AD42: false | AE42: false | AF42: No attempt | AG42: false | AH42: false | AI42: false | AJ42: 0 | AK42: 0 | AL42: 0 | AM42: 100 | AN42: false | AO42: NA | AP42: false | AQ42: false | AR42: 0 | AS42: 2 | AU42: =IF(COUNT(AJ42:AL42)=0,"",SUM(AJ42:AL42)) -> 0 | AW42: gem
N43: 41 | O43: 1410 | P43: 10980 | Q43: 8012 | R43: 5933 | S43: 6833 | T43: 9534 | W43: AA | X43: 78 | Y43: R2 | Z43: 2662 | AA43: H | AB43: true | AC43: true | AD43: false | AE43: false | AF43: NA | AG43: false | AH43: false | AI43: false | AJ43: 0 | AK43: 0 | AL43: 0 | AM43: 100 | AN43: false | AO43: NA | AP43: false | AQ43: false | AR43: 0 | AS43: 3 | AU43: =IF(COUNT(AJ43:AL43)=0,"",SUM(AJ43:AL43)) -> 0 | AW43: =AVERAGE(AU38:AU48) -> 7.5
N44: 42 | O44: 3216 | P44: 1165 | Q44: 10905 | R44: 4731 | S44: 3245 | T44: 1828 | AU44: =IF(COUNT(AJ44:AL44)=0,"",SUM(AJ44:AL44))
N45: 43 | O45: 7425 | P45: 991 | Q45: 9091 | R45: 8717 | S45: 10183 | T45: 3009 | AU45: =IF(COUNT(AJ45:AL45)=0,"",SUM(AJ45:AL45))
N46: 44 | O46: 10933 | P46: 9777 | Q46: 10380 | R46: 996 | S46: 3944 | T46: 3424 | AU46: =IF(COUNT(AJ46:AL46)=0,"",SUM(AJ46:AL46))
N47: 45 | O47: 10114 | P47: 9704 | Q47: 7426 | R47: 60 | S47: 698 | T47: 10988 | AU47: =IF(COUNT(AJ47:AL47)=0,"",SUM(AJ47:AL47))
N48: 46 | O48: 2662 | P48: 2080 | Q48: 2122 | R48: 4146 | S48: 2840 | T48: 6413 | AU48: =IF(COUNT(AJ48:AL48)=0,"",SUM(AJ48:AL48))
N49: 47 | O49: 11479 | P49: 288 | Q49: 7755 | R49: 8012 | S49: 5933 | T49: 6352
N50: 48 | O50: 987 | P50: 6833 | Q50: 244 | R50: 9501 | S50: 3216 | T50: 4731 | V50: Rood 4 | W50: pit scouter | X50: team name | Y50: team_number | Z50: weight | AA50: min height | AB50: max height | AC50: breedte en lengte | AD50: hopper balls | AE50: drivetrain | AF50: Auto start positie | AG50: auto | AH50: climb | AI50: pick up | AJ50: avg cycle time | AK50: over bump | AL50: onder balk | AM50: feed from middle | AN50: Auto align | AO50: Hoe schieten | AP50: comments/doubts | AQ50: Foto | AU50: =IF(COUNT(AJ50:AL50)=0,"",SUM(AJ50:AL50))
N51: 49 | O51: 3009 | P51: 7333 | Q51: 9534 | R51: 9059 | S51: 8717 | T51: 2403 | W51: {=_xlfn._xlws.FILTER(Tabel2[], Tabel2[team_number]=F3, "Geen resultaten")} -> 0 | X51: 0 | Y51: 0 | Z51: 0 | AA51: 0 | AB51: 0 | AC51: 0 | AD51: 0 | AE51: 0 | AF51: 0 | AG51: 0 | AH51: 0 | AI51: 0 | AJ51: 0 | AK51: 0 | AL51: 0 | AM51: 0 | AN51: 0 | AO51: 0 | AU51: =IF(COUNT(AJ51:AL51)=0,"",SUM(AJ51:AL51)) -> 0
N52: 50 | O52: 7425 | P52: 10905 | Q52: 3944 | R52: 1828 | S52: 6479 | T52: 10506 | AU52: =IF(COUNT(AJ52:AL52)=0,"",SUM(AJ52:AL52))
N53: 51 | O53: 3245 | P53: 10988 | Q53: 10183 | R53: 2478 | S53: 996 | T53: 698 | W53: Scouter Initials | X53: Match Number | Y53: Robot | Z53: Team Number | AA53: Starting Position | AB53: No Show | AC53: Preload | AD53: Moved? | AE53: Shoot | AF53: Climbing | AG53: PickUp Ground | AH53: PickUP Human Player | AI53: PickUp Depot | AJ53: +1 | AK53: +3 | AL53: +5 | AM53: Amount in Hub | AN53: Defence/ to other side | AO53: End Position | AP53: Died? | AQ53: Tipped/Fell Over? | AR53: Comments | AS53: driver skill | AU53: =IF(COUNT(AJ53:AL53)=0,"",SUM(AJ53:AL53))
N54: 52 | O54: 11176 | P54: 3243 | Q54: 9777 | R54: 2486 | S54: 2662 | T54: 10114 | W54: {=_xlfn._xlws.FILTER(Tabel1[], Tabel1[Team Number]=F3, "Geen resultaten")} -> 0 | X54: 0 | Y54: 0 | Z54: 0 | AA54: 0 | AB54: 0 | AC54: 0 | AD54: 0 | AE54: 0 | AF54: 0 | AG54: 0 | AH54: 0 | AI54: 0 | AJ54: 0 | AK54: 0 | AL54: 0 | AM54: 0 | AN54: 0 | AO54: 0 | AP54: 0 | AQ54: 0 | AR54: 0 | AS54: 0 | AU54: =IF(COUNT(AJ54:AL54)=0,"",SUM(AJ54:AL54)) -> 0
N55: 53 | O55: 11100 | P55: 9704 | Q55: 2840 | R55: 3019 | S55: 1212 | T55: 4146 | AU55: =IF(COUNT(AJ55:AL55)=0,"",SUM(AJ55:AL55))
N56: 54 | O56: 9091 | P56: 1410 | Q56: 2080 | R56: 3424 | S56: 10380 | T56: 60 | AU56: =IF(COUNT(AJ56:AL56)=0,"",SUM(AJ56:AL56))
N57: 55 | O57: 2122 | P57: 10933 | Q57: 10980 | R57: 7426 | S57: 1165 | T57: 991 | AU57: =IF(COUNT(AJ57:AL57)=0,"",SUM(AJ57:AL57))
N58: 56 | O58: 6413 | P58: 11479 | Q58: 6833 | R58: 3009 | S58: 288 | T58: 244 | AU58: =IF(COUNT(AJ58:AL58)=0,"",SUM(AJ58:AL58)) | AW58: gem
N59: 57 | O59: 698 | P59: 10506 | Q59: 3245 | R59: 2403 | S59: 4731 | T59: 5933 | AU59: =IF(COUNT(AJ59:AL59)=0,"",SUM(AJ59:AL59)) | AW59: =AVERAGE(AU54:AU64) -> 0
N60: 58 | O60: 1828 | P60: 10114 | Q60: 10183 | R60: 9534 | S60: 6352 | T60: 2662 | AU60: =IF(COUNT(AJ60:AL60)=0,"",SUM(AJ60:AL60))
N61: 59 | O61: 9501 | P61: 9059 | Q61: 10905 | R61: 9777 | S61: 8012 | T61: 4146 | AU61: =IF(COUNT(AJ61:AL61)=0,"",SUM(AJ61:AL61))
N62: 60 | O62: 6479 | P62: 996 | Q62: 10988 | R62: 3424 | S62: 1212 | T62: 2080 | AU62: =IF(COUNT(AJ62:AL62)=0,"",SUM(AJ62:AL62))
N63: 61 | O63: 11100 | P63: 7755 | Q63: 7425 | R63: 7333 | S63: 10380 | T63: 2122
N64: 62 | O64: 2478 | P64: 7426 | Q64: 11176 | R64: 1165 | S64: 9091 | T64: 3243
N65: 63 | O65: 1410 | P65: 2486 | Q65: 991 | R65: 3019 | S65: 3216 | T65: 9704
N66: 64 | O66: 3944 | P66: 60 | Q66: 8717 | R66: 2840 | S66: 10980 | T66: 987 | V66: Blauw 1 | W66: pit scouter | X66: team name | Y66: team_number | Z66: weight | AA66: min height | AB66: max height | AC66: breedte en lengte | AD66: hopper balls | AE66: drivetrain | AF66: Auto start positie | AG66: auto | AH66: climb | AI66: pick up | AJ66: avg cycle time | AK66: over bump | AL66: onder balk | AM66: feed from middle | AN66: Auto align | AO66: Hoe schieten | AP66: comments/doubts | AQ66: Foto | AU66: =IF(COUNT(AJ66:AL66)=0,"",SUM(AJ66:AL66))
N67: 65 | O67: 3245 | P67: 10933 | Q67: 6413 | R67: 6833 | S67: 10506 | T67: 9777 | W67: {=_xlfn._xlws.FILTER(Tabel2[], Tabel2[team_number]=I3, "Geen resultaten")} -> Geen resultaten | AU67: =IF(COUNT(AJ67:AL67)=0,"",SUM(AJ67:AL67))
N68: 66 | O68: 10988 | P68: 4146 | Q68: 4731 | R68: 11479 | S68: 9534 | T68: 6479 | AU68: =IF(COUNT(AJ68:AL68)=0,"",SUM(AJ68:AL68))
N69: 67 | O69: 1828 | P69: 3424 | Q69: 11100 | R69: 288 | S69: 2403 | T69: 9501 | W69: Scouter Initials | X69: Match Number | Y69: Robot | Z69: Team Number | AA69: Starting Position | AB69: No Show | AC69: Preload | AD69: Moved? | AE69: Shoot | AF69: Climbing | AG69: PickUp Ground | AH69: PickUP Human Player | AI69: PickUp Depot | AJ69: +1 | AK69: +3 | AL69: +5 | AM69: Amount in Hub | AN69: Defence/ to other side | AO69: End Position | AP69: Died? | AQ69: Tipped/Fell Over? | AR69: Comments | AS69: driver skill | AU69: =IF(COUNT(AJ69:AL69)=0,"",SUM(AJ69:AL69))
N70: 68 | O70: 2122 | P70: 6352 | Q70: 698 | R70: 9091 | S70: 11176 | T70: 9059 | W70: {=_xlfn._xlws.FILTER(Tabel1[], Tabel1[Team Number]=I3, "Geen resultaten")} -> Anita Karki | X70: 36 | Y70: B1 | Z70: 2122 | AA70: O | AB70: false | AC70: true | AD70: true | AE70: false | AF70: NA | AG70: false | AH70: false | AI70: false | AJ70: 0 | AK70: 0 | AL70: 250 | AM70: 94 | AN70: false | AO70: NA | AP70: false | AQ70: false | AR70: vaak schieten ze raak af en toe niet is niet bij te houden | AS70: 5 | AU70: =IF(COUNT(AJ70:AL70)=0,"",SUM(AJ70:AL70)) -> 250
N71: 69 | O71: 8012 | P71: 244 | Q71: 1165 | R71: 991 | S71: 1212 | T71: 9704 | W71: JV | X71: 45 | Y71: R3 | Z71: 2122 | AA71: H | AB71: false | AC71: true | AD71: true | AE71: true | AF71: NA | AG71: false | AH71: false | AI71: false | AJ71: 213 | AK71: 0 | AL71: 0 | AM71: 92 | AN71: false | AO71: NA | AP71: false | AQ71: false | AR71: Absolute flawless offense | AS71: 5 | AU71: =IF(COUNT(AJ71:AL71)=0,"",SUM(AJ71:AL71)) -> 213
N72: 70 | O72: 10905 | P72: 3019 | Q72: 5933 | R72: 60 | S72: 7333 | T72: 3243 | W72: GD | X72: 55 | Y72: R1 | Z72: 2122 | AA72: H | AB72: false | AC72: true | AD72: true | AE72: true | AF72: NA | AG72: false | AH72: false | AI72: false | AJ72: 64 | AK72: 0 | AL72: 90 | AM72: 92 | AN72: true | AO72: NA | AP72: false | AQ72: false | AR72: 0 | AS72: 4 | AU72: =IF(COUNT(AJ72:AL72)=0,"",SUM(AJ72:AL72)) -> 154
N73: 71 | O73: 8717 | P73: 2840 | Q73: 2662 | R73: 996 | S73: 7755 | T73: 7426 | W73: BW | X73: 68 | Y73: R1 | Z73: 2122 | AA73: D | AB73: false | AC73: true | AD73: true | AE73: true | AF73: NA | AG73: true | AH73: false | AI73: false | AJ73: 0 | AK73: 0 | AL73: 290 | AM73: 90 | AN73: false | AO73: NA | AP73: false | AQ73: false | AR73: 0 | AS73: 5 | AU73: =IF(COUNT(AJ73:AL73)=0,"",SUM(AJ73:AL73)) -> 290
N74: 72 | O74: 987 | P74: 1410 | Q74: 10933 | R74: 10183 | S74: 2486 | T74: 7425 | W74: Anita Karki | X74: 75 | Y74: B2 | Z74: 2122 | AA74: O | AB74: false | AC74: true | AD74: true | AE74: true | AF74: NA | AG74: true | AH74: false | AI74: false | AJ74: 0 | AK74: 0 | AL74: 200 | AM74: 95 | AN74: false | AO74: NA | AP74: false | AQ74: false | AR74: 0 | AS74: 5 | AU74: =IF(COUNT(AJ74:AL74)=0,"",SUM(AJ74:AL74)) -> 200 | AW74: gem
N75: 73 | O75: 10114 | P75: 3216 | Q75: 3944 | R75: 2080 | S75: 3009 | T75: 2478 | AU75: =IF(COUNT(AJ75:AL75)=0,"",SUM(AJ75:AL75)) | AW75: =AVERAGE(AU70:AU81) -> 221.4
N76: 74 | O76: 10380 | P76: 2403 | Q76: 10506 | R76: 10980 | S76: 9501 | T76: 6352 | AU76: =IF(COUNT(AJ76:AL76)=0,"",SUM(AJ76:AL76))
N77: 75 | O77: 288 | P77: 8012 | Q77: 9534 | R77: 6479 | S77: 2122 | T77: 3245 | AU77: =IF(COUNT(AJ77:AL77)=0,"",SUM(AJ77:AL77))
N78: 76 | O78: 7333 | P78: 10988 | Q78: 1828 | R78: 60 | S78: 6413 | T78: 991 | AU78: =IF(COUNT(AJ78:AL78)=0,"",SUM(AJ78:AL78))
N79: 77 | O79: 9704 | P79: 9091 | Q79: 7755 | R79: 9777 | S79: 4731 | T79: 3019 | AU79: =IF(COUNT(AJ79:AL79)=0,"",SUM(AJ79:AL79))
N80: 77 | O80: 244 | P80: 2662 | Q80: 698 | R80: 3424 | S80: 7425 | T80: 10933 | AU80: =IF(COUNT(AJ80:AL80)=0,"",SUM(AJ80:AL80))
N81: 77 | O81: 7426 | P81: 8717 | Q81: 11100 | R81: 10905 | S81: 1410 | T81: 11479 | AU81: =IF(COUNT(AJ81:AL81)=0,"",SUM(AJ81:AL81))
N82: 77 | O82: 3009 | P82: 11176 | Q82: 1165 | R82: 987 | S82: 5933 | T82: 996 | V82: blauw 2 | W82: pit scouter | X82: team name | Y82: team_number | Z82: weight | AA82: min height | AB82: max height | AC82: breedte en lengte | AD82: hopper balls | AE82: drivetrain | AF82: Auto start positie | AG82: auto | AH82: climb | AI82: pick up | AJ82: avg cycle time | AK82: over bump | AL82: onder balk | AM82: feed from middle | AN82: Auto align | AO82: Hoe schieten | AP82: comments/doubts | AQ82: Foto | AU82: =IF(COUNT(AJ82:AL82)=0,"",SUM(AJ82:AL82))
N83: 77 | O83: 1212 | P83: 2478 | Q83: 2486 | R83: 10980 | S83: 4146 | T83: 2080 | W83: {=_xlfn._xlws.FILTER(Tabel2[], Tabel2[team_number]=J3, "Geen resultaten")} -> Mil g | X83: Pair of dice | Y83: 7426 | Z83: 112 | AA83: 21.5 | AB83: 27.27 | AC83: 40-50 | AD83: Swerve | AE83: Outpost | AF83: 2 version, middle and shoot Middle , shoot back and climb | AG83: L1 | AH83: All sides | AI83: 0 | AJ83: true | AK83: true | AL83: false | AM83: true | AN83: Both | AO83: 3 limelights, alignment , one of sides. | AU83: =IF(COUNT(AJ83:AL83)=0,"",SUM(AJ83:AL83))
N84: 77 | O84: 3243 | P84: 2840 | Q84: 3944 | R84: 3216 | S84: 9059 | T84: 10183 | AU84: =IF(COUNT(AJ84:AL84)=0,"",SUM(AJ84:AL84))
N85: 77 | O85: 10380 | P85: 10114 | Q85: 3019 | R85: 6833 | S85: 2122 | T85: 288 | W85: Scouter Initials | X85: Match Number | Y85: Robot | Z85: Team Number | AA85: Starting Position | AB85: No Show | AC85: Preload | AD85: Moved? | AE85: Shoot | AF85: Climbing | AG85: PickUp Ground | AH85: PickUP Human Player | AI85: PickUp Depot | AJ85: +1 | AK85: +3 | AL85: +5 | AM85: Amount in Hub | AN85: Defence/ to other side | AO85: End Position | AP85: Died? | AQ85: Tipped/Fell Over? | AR85: Comments | AS85: driver skill | AU85: =IF(COUNT(AJ85:AL85)=0,"",SUM(AJ85:AL85))
N86: 77 | O86: 498 | P86: 1726 | Q86: 3944 | R86: 2375 | S86: 5026 | T86: 1212 | W86: {=_xlfn._xlws.FILTER(Tabel1[], Tabel1[Team Number]=J3, "Geen resultaten")} -> LeoV | X86: 14 | Y86: B1 | Z86: 7426 | AA86: D | AB86: false | AC86: true | AD86: true | AE86: true | AF86: 0 | AG86: true | AH86: true | AI86: false | AJ86: 0 | AK86: 0 | AL86: 35 | AM86: 87 | AN86: false | AO86: NA | AP86: false | AQ86: false | AR86: Needs pickup to shoot | AS86: 5 | AU86: =IF(COUNT(AJ86:AL86)=0,"",SUM(AJ86:AL86)) -> 35
N87: 77 | O87: 4415 | P87: 2403 | Q87: 9704 | R87: 10256 | S87: 9432 | T87: 5199 | W87: AA | X87: 26 | Y87: R2 | Z87: 7426 | AA87: H | AB87: false | AC87: true | AD87: true | AE87: true | AF87: L1 | AG87: true | AH87: false | AI87: false | AJ87: 0 | AK87: 0 | AL87: 80 | AM87: 87 | AN87: false | AO87: 1 | AP87: false | AQ87: false | AR87: Really good all around, auto does shoot and climbs. | AS87: 5 | AU87: =IF(COUNT(AJ87:AL87)=0,"",SUM(AJ87:AL87)) -> 80
N88: 77 | O88: 1726 | P88: 4146 | Q88: 2375 | R88: 6352 | S88: 1212 | T88: 1165 | W88: AA | X88: 35 | Y88: R2 | Z88: 7426 | AA88: H | AB88: false | AC88: true | AD88: true | AE88: true | AF88: L1 | AG88: true | AH88: false | AI88: false | AJ88: 8 | AK88: 24 | AL88: 145 | AM88: 93 | AN88: false | AO88: 1 | AP88: false | AQ88: false | AR88: Great all around including support | AS88: 5 | AU88: =IF(COUNT(AJ88:AL88)=0,"",SUM(AJ88:AL88)) -> 177
N89: 77 | O89: 2403 | P89: 6479 | Q89: 10256 | R89: 9059 | S89: 5199 | T89: 8848 | W89: Yannis | X89: 55 | Y89: B1 | Z89: 7426 | AA89: O | AB89: false | AC89: true | AD89: true | AE89: true | AF89: NA | AG89: true | AH89: false | AI89: false | AJ89: 1 | AK89: 3 | AL89: 120 | AM89: 85 | AN89: false | AO89: NA | AP89: false | AQ89: false | AR89: 0 | AS89: 5 | AU89: =IF(COUNT(AJ89:AL89)=0,"",SUM(AJ89:AL89)) -> 124
N90: 77 | O90: 498 | P90: 4415 | Q90: 3944 | R90: 9704 | S90: 5026 | T90: 9432 | W90: AA | X90: 62 | Y90: R2 | Z90: 7426 | AA90: H | AB90: false | AC90: true | AD90: true | AE90: true | AF90: NA | AG90: true | AH90: true | AI90: false | AJ90: 0 | AK90: 0 | AL90: 60 | AM90: 89 | AN90: true | AO90: NA | AP90: false | AQ90: false | AR90: Fast with good support and defense, got a foul while interacting with an enemy | AS90: 4 | AU90: =IF(COUNT(AJ90:AL90)=0,"",SUM(AJ90:AL90)) -> 60 | AW90: gem
N91: 77 | O91: 2403 | P91: 4146 | Q91: 10256 | R91: 6352 | S91: 5199 | T91: 1165 | AU91: =IF(COUNT(AJ91:AL91)=0,"",SUM(AJ91:AL91)) | AW91: =AVERAGE(AU86:AU96) -> 95.2
N92: 77 | O92: 498 | P92: 2403 | Q92: 3944 | R92: 10256 | S92: 5026 | T92: 5199 | AU92: =IF(COUNT(AJ92:AL92)=0,"",SUM(AJ92:AL92))
N93: 77 | O93: 4415 | P93: 498 | Q93: 9704 | R93: 3944 | S93: 9432 | T93: 5026 | AU93: =IF(COUNT(AJ93:AL93)=0,"",SUM(AJ93:AL93))
N94: 77 | O94: 4415 | P94: 498 | Q94: 9704 | R94: 3944 | S94: 9432 | T94: 5026 | AU94: =IF(COUNT(AJ94:AL94)=0,"",SUM(AJ94:AL94))
N95: 77 | O95: 4415 | P95: 498 | Q95: 9704 | R95: 3944 | S95: 9432 | T95: 5026 | AU95: =IF(COUNT(AJ95:AL95)=0,"",SUM(AJ95:AL95))
O96: Playoffs | AU96: =IF(COUNT(AJ96:AL96)=0,"",SUM(AJ96:AL96))
N97: P1 | O97: 2122 | P97: 7426 | Q97: 2478 | R97: 991 | S97: 3019 | T97: 1212 | V97: Blauw 3 | W97: pit scouter | X97: team name | Y97: team_number | Z97: weight | AA97: min height | AB97: max height | AC97: breedte en lengte | AD97: hopper balls | AE97: drivetrain | AF97: Auto start positie | AG97: auto | AH97: climb | AI97: pick up | AJ97: avg cycle time | AK97: over bump | AL97: onder balk | AM97: feed from middle | AN97: Auto align | AO97: Hoe schieten | AP97: comments/doubts | AQ97: Foto | AU97: =IF(COUNT(AJ97:AL97)=0,"",SUM(AJ97:AL97))
N98: P2 | O98: 6479 | P98: 9501 | Q98: 7333 | R98: 10114 | S98: 3243 | T98: 2403 | W98: {=_xlfn._xlws.FILTER(Tabel2[], Tabel2[team_number]=K3, "Geen resultaten")} -> Maud R | X98: Westwood robotics | Y98: 2478 | Z98: 100 | AA98: 22 | AB98: 27.27 | AC98: 55 | AD98: Swerve | AE98: Outpost | AF98: Middle- shoot preload, Trench- picks up balls and shoots | AG98: - | AH98: Ground and human player | AI98: 12 | AJ98: false | AK98: true | AL98: true | AM98: true | AN98: Stationary | AO98: Double shooter | AU98: =IF(COUNT(AJ98:AL98)=0,"",SUM(AJ98:AL98))
N99: P3 | O99: 2486 | P99: 987 | Q99: 4731 | R99: 10183 | S99: 7425 | T99: 1165 | AU99: =IF(COUNT(AJ99:AL99)=0,"",SUM(AJ99:AL99))
N100: P4 | O100: 3245 | P100: 6413 | Q100: 1410 | R100: 10980 | S100: 3216 | T100: 10933 | W100: Scouter Initials | X100: Match Number | Y100: Robot | Z100: Team Number | AA100: Starting Position | AB100: No Show | AC100: Preload | AD100: Moved? | AE100: Shoot | AF100: Climbing | AG100: PickUp Ground | AH100: PickUP Human Player | AI100: PickUp Depot | AJ100: +1 | AK100: +3 | AL100: +5 | AM100: Amount in Hub | AN100: Defence/ to other side | AO100: End Position | AP100: Died? | AQ100: Tipped/Fell Over? | AR100: Comments | AS100: driver skill | AU100: =IF(COUNT(AJ100:AL100)=0,"",SUM(AJ100:AL100))
...

Sheet Picklist 
B1: info | D1: general | F1: Auto | H1: starting position | K1: tele | Q1: Climb
A2: Kolom1 | B2: team_number | C2: team_name | D2: shoot accuration | E2: avg balls | F2: Climb | G2: shoot % | H2: Depot | I2: Hub | J2: Outpost | K2: avg balls2 | L2: in hub % | M2: ground pickup % | N2: HP pickup % | O2: Deopt pickup % | P2: defence | Q2: L1 | R2: L2 | S2: L3 | T2: NA | U2: A | V2: died/ tipped
A3: TRUE | B3: 2122 | C3: Team Tators | D3: =AVERAGE(INDIRECT("'" & B3 & "'!Q3:Q99"))/100 -> 0.926 | E3: =AVERAGE(INDIRECT("'" & B3 & "'!AB3:AB99")) -> 221.4 | F3: =COUNTIF(INDIRECT("'" & B3 & "'!J3:J99"),1)/COUNT(INDIRECT("'" & B3 & "'!J3:J99")) -> #DIV/0! | G3: =COUNTIF(INDIRECT("'" & B3 & "'!I3:I99"),1)/COUNT(INDIRECT("'" & B3 & "'!I3:I99")) -> #DIV/0! | H3: =COUNTIF(INDIRECT("'" & B3 & "'!E3:E99"), "D") -> 1 | I3: =COUNTIF(INDIRECT("'" & B3 & "'!E3:E99"), "H") -> 2 | J3: =COUNTIF(INDIRECT("'" & B3 & "'!E3:E99"), "O") -> 2 | K3: =AVERAGE(INDIRECT("'" & B3 & "'!Y3:Y99")) -> 35.709677 | L3: =AVERAGE(INDIRECT("'" & B3 & "'!Q3:Q99")) -> 92.6 | M3: =COUNTIF(INDIRECT("'" & B3 & "'!K3:K99"),1)/COUNT(INDIRECT("'" & B3 & "'!K3:K99")) -> #DIV/0! | N3: =COUNTIF(INDIRECT("'" & B3 & "'!L3:L99"),1)/COUNT(INDIRECT("'" & B3 & "'!L3:L99")) -> #DIV/0! | O3: =COUNTIF(INDIRECT("'" & B3 & "'!M3:M99"),1)/COUNT(INDIRECT("'" & B3 & "'!M3:M99")) -> #DIV/0! | P3: =COUNTIF(INDIRECT("'" & B3 & "'!P3:P99"),1)/COUNT(INDIRECT("'" & B3 & "'!P3:P99")) -> 0 | Q3: =COUNTIF(INDIRECT("'" & B3 & "'!Q3:Q99"), "L1") -> 0 | R3: =COUNTIF(INDIRECT("'" & B3 & "'!Q3:Q99"), "L2") -> 0 | S3: =COUNTIF(INDIRECT("'" & B3 & "'!Q3:Q99"), "L3") -> 0 | T3: =COUNTIF(INDIRECT("'" & B3 & "'!Q3:Q99"), "NA") -> 0 | U3: =COUNTIF(INDIRECT("'" & B3 & "'!Q3:Q99"), "A") -> 0 | V3: =COUNTIF(INDIRECT("'" & B3 & "'!R3:S99"),1)/COUNT(INDIRECT("'" & B3 & "'!R3:s99")) -> #DIV/0!
A4: TRUE | B4: 7426 | C4: PAIR OF DICE ROBOTICS | D4: =AVERAGE(INDIRECT("'" & B4 & "'!Q3:Q99"))/100 -> 0.882 | E4: =AVERAGE(INDIRECT("'" & B4 & "'!AB3:AB99")) -> 95.2 | F4: =COUNTIF(INDIRECT("'" & B4 & "'!J3:J99"),1)/COUNT(INDIRECT("'" & B4 & "'!J3:J99")) -> 0 | G4: =COUNTIF(INDIRECT("'" & B4 & "'!I3:I99"),1)/COUNT(INDIRECT("'" & B4 & "'!I3:I99")) -> #DIV/0! | H4: =COUNTIF(INDIRECT("'" & B4 & "'!E3:E99"), "D") -> 1 | I4: =COUNTIF(INDIRECT("'" & B4 & "'!E3:E99"), "H") -> 3 | J4: =COUNTIF(INDIRECT("'" & B4 & "'!E3:E99"), "O") -> 1 | K4: =AVERAGE(INDIRECT("'" & B4 & "'!Y3:Y99")) -> 14.875 | L4: =AVERAGE(INDIRECT("'" & B4 & "'!Q3:Q99")) -> 88.2 | M4: =COUNTIF(INDIRECT("'" & B4 & "'!K3:K99"),1)/COUNT(INDIRECT("'" & B4 & "'!K3:K99")) -> #DIV/0! | N4: =COUNTIF(INDIRECT("'" & B4 & "'!L3:L99"),1)/COUNT(INDIRECT("'" & B4 & "'!L3:L99")) -> #DIV/0! | O4: =COUNTIF(INDIRECT("'" & B4 & "'!M3:M99"),1)/COUNT(INDIRECT("'" & B4 & "'!M3:M99")) -> #DIV/0! | P4: =COUNTIF(INDIRECT("'" & B4 & "'!P3:P99"),1)/COUNT(INDIRECT("'" & B4 & "'!P3:P99")) -> 0 | Q4: =COUNTIF(INDIRECT("'" & B4 & "'!Q3:Q99"), "L1") -> 0 | R4: =COUNTIF(INDIRECT("'" & B4 & "'!Q3:Q99"), "L2") -> 0 | S4: =COUNTIF(INDIRECT("'" & B4 & "'!Q3:Q99"), "L3") -> 0 | T4: =COUNTIF(INDIRECT("'" & B4 & "'!Q3:Q99"), "NA") -> 0 | U4: =COUNTIF(INDIRECT("'" & B4 & "'!Q3:Q99"), "A") -> 0 | V4: =COUNTIF(INDIRECT("'" & B4 & "'!R3:S99"),1)/COUNT(INDIRECT("'" & B4 & "'!R3:s99")) -> 1
A5: TRUE | B5: 3216 | C5: MRT | D5: =AVERAGE(INDIRECT("'" & B5 & "'!Q3:Q99"))/100 -> 0.79333333 | E5: =AVERAGE(INDIRECT("'" & B5 & "'!AB3:AB99")) -> 89.333333 | F5: =COUNTIF(INDIRECT("'" & B5 & "'!J3:J99"),1)/COUNT(INDIRECT("'" & B5 & "'!J3:J99")) -> #DIV/0! | G5: =COUNTIF(INDIRECT("'" & B5 & "'!I3:I99"),1)/COUNT(INDIRECT("'" & B5 & "'!I3:I99")) -> #DIV/0! | H5: =COUNTIF(INDIRECT("'" & B5 & "'!E3:E99"), "D") -> 4 | I5: =COUNTIF(INDIRECT("'" & B5 & "'!E3:E99"), "H") -> 2 | J5: =COUNTIF(INDIRECT("'" & B5 & "'!E3:E99"), "O") -> 0 | K5: =AVERAGE(INDIRECT("'" & B5 & "'!Y3:Y99")) -> 17.290323 | L5: =AVERAGE(INDIRECT("'" & B5 & "'!Q3:Q99")) -> 79.333333 | M5: =COUNTIF(INDIRECT("'" & B5 & "'!K3:K99"),1)/COUNT(INDIRECT("'" & B5 & "'!K3:K99")) -> #DIV/0! | N5: =COUNTIF(INDIRECT("'" & B5 & "'!L3:L99"),1)/COUNT(INDIRECT("'" & B5 & "'!L3:L99")) -> #DIV/0! | O5: =COUNTIF(INDIRECT("'" & B5 & "'!M3:M99"),1)/COUNT(INDIRECT("'" & B5 & "'!M3:M99")) -> #DIV/0! | P5: =COUNTIF(INDIRECT("'" & B5 & "'!P3:P99"),1)/COUNT(INDIRECT("'" & B5 & "'!P3:P99")) -> 0 | Q5: =COUNTIF(INDIRECT("'" & B5 & "'!Q3:Q99"), "L1") -> 0 | R5: =COUNTIF(INDIRECT("'" & B5 & "'!Q3:Q99"), "L2") -> 0 | S5: =COUNTIF(INDIRECT("'" & B5 & "'!Q3:Q99"), "L3") -> 0 | T5: =COUNTIF(INDIRECT("'" & B5 & "'!Q3:Q99"), "NA") -> 0 | U5: =COUNTIF(INDIRECT("'" & B5 & "'!Q3:Q99"), "A") -> 0 | V5: =COUNTIF(INDIRECT("'" & B5 & "'!R3:S99"),1)/COUNT(INDIRECT("'" & B5 & "'!R3:s99")) -> #DIV/0!
A6: FALSE | B6: 987 | C6: HIGHROLLERS | D6: =AVERAGE(INDIRECT("'" & B6 & "'!Q3:Q99"))/100 -> 0.715 | E6: =AVERAGE(INDIRECT("'" & B6 & "'!AB3:AB99")) -> 69.5 | F6: =COUNTIF(INDIRECT("'" & B6 & "'!J3:J99"),1)/COUNT(INDIRECT("'" & B6 & "'!J3:J99")) -> #DIV/0! | G6: =COUNTIF(INDIRECT("'" & B6 & "'!I3:I99"),1)/COUNT(INDIRECT("'" & B6 & "'!I3:I99")) -> #DIV/0! | H6: =COUNTIF(INDIRECT("'" & B6 & "'!E3:E99"), "D") -> 0 | I6: =COUNTIF(INDIRECT("'" & B6 & "'!E3:E99"), "H") -> 2 | J6: =COUNTIF(INDIRECT("'" & B6 & "'!E3:E99"), "O") -> 4 | K6: =AVERAGE(INDIRECT("'" & B6 & "'!Y3:Y99")) -> 13.451613 | L6: =AVERAGE(INDIRECT("'" & B6 & "'!Q3:Q99")) -> 71.5 | M6: =COUNTIF(INDIRECT("'" & B6 & "'!K3:K99"),1)/COUNT(INDIRECT("'" & B6 & "'!K3:K99")) -> #DIV/0! | N6: =COUNTIF(INDIRECT("'" & B6 & "'!L3:L99"),1)/COUNT(INDIRECT("'" & B6 & "'!L3:L99")) -> #DIV/0! | O6: =COUNTIF(INDIRECT("'" & B6 & "'!M3:M99"),1)/COUNT(INDIRECT("'" & B6 & "'!M3:M99")) -> #DIV/0! | P6: =COUNTIF(INDIRECT("'" & B6 & "'!P3:P99"),1)/COUNT(INDIRECT("'" & B6 & "'!P3:P99")) -> 0 | Q6: =COUNTIF(INDIRECT("'" & B6 & "'!Q3:Q99"), "L1") -> 0 | R6: =COUNTIF(INDIRECT("'" & B6 & "'!Q3:Q99"), "L2") -> 0 | S6: =COUNTIF(INDIRECT("'" & B6 & "'!Q3:Q99"), "L3") -> 0 | T6: =COUNTIF(INDIRECT("'" & B6 & "'!Q3:Q99"), "NA") -> 0 | U6: =COUNTIF(INDIRECT("'" & B6 & "'!Q3:Q99"), "A") -> 0 | V6: =COUNTIF(INDIRECT("'" & B6 & "'!R3:S99"),1)/COUNT(INDIRECT("'" & B6 & "'!R3:s99")) -> 0
A7: TRUE | B7: 10183 | C7: ARC | D7: =AVERAGE(INDIRECT("'" & B7 & "'!Q3:Q99"))/100 -> 0.82 | E7: =AVERAGE(INDIRECT("'" & B7 & "'!AB3:AB99")) -> 66 | F7: =COUNTIF(INDIRECT("'" & B7 & "'!J3:J99"),1)/COUNT(INDIRECT("'" & B7 & "'!J3:J99")) -> #DIV/0! | G7: =COUNTIF(INDIRECT("'" & B7 & "'!I3:I99"),1)/COUNT(INDIRECT("'" & B7 & "'!I3:I99")) -> #DIV/0! | H7: =COUNTIF(INDIRECT("'" & B7 & "'!E3:E99"), "D") -> 0 | I7: =COUNTIF(INDIRECT("'" & B7 & "'!E3:E99"), "H") -> 1 | J7: =COUNTIF(INDIRECT("'" & B7 & "'!E3:E99"), "O") -> 4 | K7: =AVERAGE(INDIRECT("'" & B7 & "'!Y3:Y99")) -> 18.333333 | L7: =AVERAGE(INDIRECT("'" & B7 & "'!Q3:Q99")) -> 82 | M7: =COUNTIF(INDIRECT("'" & B7 & "'!K3:K99"),1)/COUNT(INDIRECT("'" & B7 & "'!K3:K99")) -> #DIV/0! | N7: =COUNTIF(INDIRECT("'" & B7 & "'!L3:L99"),1)/COUNT(INDIRECT("'" & B7 & "'!L3:L99")) -> #DIV/0! | O7: =COUNTIF(INDIRECT("'" & B7 & "'!M3:M99"),1)/COUNT(INDIRECT("'" & B7 & "'!M3:M99")) -> #DIV/0! | P7: =COUNTIF(INDIRECT("'" & B7 & "'!P3:P99"),1)/COUNT(INDIRECT("'" & B7 & "'!P3:P99")) -> 0 | Q7: =COUNTIF(INDIRECT("'" & B7 & "'!Q3:Q99"), "L1") -> 0 | R7: =COUNTIF(INDIRECT("'" & B7 & "'!Q3:Q99"), "L2") -> 0 | S7: =COUNTIF(INDIRECT("'" & B7 & "'!Q3:Q99"), "L3") -> 0 | T7: =COUNTIF(INDIRECT("'" & B7 & "'!Q3:Q99"), "NA") -> 0 | U7: =COUNTIF(INDIRECT("'" & B7 & "'!Q3:Q99"), "A") -> 0 | V7: =COUNTIF(INDIRECT("'" & B7 & "'!R3:S99"),1)/COUNT(INDIRECT("'" & B7 & "'!R3:s99")) -> #DIV/0!
A8: TRUE | B8: 3245 | C8: Ravens | D8: =AVERAGE(INDIRECT("'" & B8 & "'!Q3:Q99"))/100 -> 0.754 | E8: =AVERAGE(INDIRECT("'" & B8 & "'!AB3:AB99")) -> 63 | F8: =COUNTIF(INDIRECT("'" & B8 & "'!J3:J99"),1)/COUNT(INDIRECT("'" & B8 & "'!J3:J99")) -> #DIV/0! | G8: =COUNTIF(INDIRECT("'" & B8 & "'!I3:I99"),1)/COUNT(INDIRECT("'" & B8 & "'!I3:I99")) -> #DIV/0! | H8: =COUNTIF(INDIRECT("'" & B8 & "'!E3:E99"), "D") -> 2 | I8: =COUNTIF(INDIRECT("'" & B8 & "'!E3:E99"), "H") -> 2 | J8: =COUNTIF(INDIRECT("'" & B8 & "'!E3:E99"), "O") -> 1 | K8: =AVERAGE(INDIRECT("'" & B8 & "'!Y3:Y99")) -> 10.16129 | L8: =AVERAGE(INDIRECT("'" & B8 & "'!Q3:Q99")) -> 75.4 | M8: =COUNTIF(INDIRECT("'" & B8 & "'!K3:K99"),1)/COUNT(INDIRECT("'" & B8 & "'!K3:K99")) -> #DIV/0! | N8: =COUNTIF(INDIRECT("'" & B8 & "'!L3:L99"),1)/COUNT(INDIRECT("'" & B8 & "'!L3:L99")) -> #DIV/0! | O8: =COUNTIF(INDIRECT("'" & B8 & "'!M3:M99"),1)/COUNT(INDIRECT("'" & B8 & "'!M3:M99")) -> #DIV/0! | P8: =COUNTIF(INDIRECT("'" & B8 & "'!P3:P99"),1)/COUNT(INDIRECT("'" & B8 & "'!P3:P99")) -> 0 | Q8: =COUNTIF(INDIRECT("'" & B8 & "'!Q3:Q99"), "L1") -> 0 | R8: =COUNTIF(INDIRECT("'" & B8 & "'!Q3:Q99"), "L2") -> 0 | S8: =COUNTIF(INDIRECT("'" & B8 & "'!Q3:Q99"), "L3") -> 0 | T8: =COUNTIF(INDIRECT("'" & B8 & "'!Q3:Q99"), "NA") -> 0 | U8: =COUNTIF(INDIRECT("'" & B8 & "'!Q3:Q99"), "A") -> 0 | V8: =COUNTIF(INDIRECT("'" & B8 & "'!R3:S99"),1)/COUNT(INDIRECT("'" & B8 & "'!R3:s99")) -> #DIV/0!
A9: FALSE | B9: 6413 | C9: Degrees of Freedom | D9: =AVERAGE(INDIRECT("'" & B9 & "'!Q3:Q99"))/100 -> 0.69166667 | E9: =AVERAGE(INDIRECT("'" & B9 & "'!AB3:AB99")) -> 61.666667 | F9: =COUNTIF(INDIRECT("'" & B9 & "'!J3:J99"),1)/COUNT(INDIRECT("'" & B9 & "'!J3:J99")) -> #DIV/0! | G9: =COUNTIF(INDIRECT("'" & B9 & "'!I3:I99"),1)/COUNT(INDIRECT("'" & B9 & "'!I3:I99")) -> #DIV/0! | H9: =COUNTIF(INDIRECT("'" & B9 & "'!E3:E99"), "D") -> 0 | I9: =COUNTIF(INDIRECT("'" & B9 & "'!E3:E99"), "H") -> 6 | J9: =COUNTIF(INDIRECT("'" & B9 & "'!E3:E99"), "O") -> 0 | K9: =AVERAGE(INDIRECT("'" & B9 & "'!Y3:Y99")) -> 11.935484 | L9: =AVERAGE(INDIRECT("'" & B9 & "'!Q3:Q99")) -> 69.166667 | M9: =COUNTIF(INDIRECT("'" & B9 & "'!K3:K99"),1)/COUNT(INDIRECT("'" & B9 & "'!K3:K99")) -> #DIV/0! | N9: =COUNTIF(INDIRECT("'" & B9 & "'!L3:L99"),1)/COUNT(INDIRECT("'" & B9 & "'!L3:L99")) -> #DIV/0! | O9: =COUNTIF(INDIRECT("'" & B9 & "'!M3:M99"),1)/COUNT(INDIRECT("'" & B9 & "'!M3:M99")) -> #DIV/0! | P9: =COUNTIF(INDIRECT("'" & B9 & "'!P3:P99"),1)/COUNT(INDIRECT("'" & B9 & "'!P3:P99")) -> 0 | Q9: =COUNTIF(INDIRECT("'" & B9 & "'!Q3:Q99"), "L1") -> 0 | R9: =COUNTIF(INDIRECT("'" & B9 & "'!Q3:Q99"), "L2") -> 0 | S9: =COUNTIF(INDIRECT("'" & B9 & "'!Q3:Q99"), "L3") -> 0 | T9: =COUNTIF(INDIRECT("'" & B9 & "'!Q3:Q99"), "NA") -> 0 | U9: =COUNTIF(INDIRECT("'" & B9 & "'!Q3:Q99"), "A") -> 0 | V9: =COUNTIF(INDIRECT("'" & B9 & "'!R3:S99"),1)/COUNT(INDIRECT("'" & B9 & "'!R3:s99")) -> #DIV/0!
A10: TRUE | B10: 10980 | C10: The Deadbolts | D10: =AVERAGE(INDIRECT("'" & B10 & "'!Q3:Q99"))/100 -> 0.575 | E10: =AVERAGE(INDIRECT("'" & B10 & "'!AB3:AB99")) -> 55.833333 | F10: =COUNTIF(INDIRECT("'" & B10 & "'!J3:J99"),1)/COUNT(INDIRECT("'" & B10 & "'!J3:J99")) -> #DIV/0! | G10: =COUNTIF(INDIRECT("'" & B10 & "'!I3:I99"),1)/COUNT(INDIRECT("'" & B10 & "'!I3:I99")) -> #DIV/0! | H10: =COUNTIF(INDIRECT("'" & B10 & "'!E3:E99"), "D") -> 2 | I10: =COUNTIF(INDIRECT("'" & B10 & "'!E3:E99"), "H") -> 2 | J10: =COUNTIF(INDIRECT("'" & B10 & "'!E3:E99"), "O") -> 2 | K10: =AVERAGE(INDIRECT("'" & B10 & "'!Y3:Y99")) -> 18.611111 | L10: =AVERAGE(INDIRECT("'" & B10 & "'!Q3:Q99")) -> 57.5 | M10: =COUNTIF(INDIRECT("'" & B10 & "'!K3:K99"),1)/COUNT(INDIRECT("'" & B10 & "'!K3:K99")) -> #DIV/0! | N10: =COUNTIF(INDIRECT("'" & B10 & "'!L3:L99"),1)/COUNT(INDIRECT("'" & B10 & "'!L3:L99")) -> #DIV/0! | O10: =COUNTIF(INDIRECT("'" & B10 & "'!M3:M99"),1)/COUNT(INDIRECT("'" & B10 & "'!M3:M99")) -> #DIV/0! | P10: =COUNTIF(INDIRECT("'" & B10 & "'!P3:P99"),1)/COUNT(INDIRECT("'" & B10 & "'!P3:P99")) -> 0 | Q10: =COUNTIF(INDIRECT("'" & B10 & "'!Q3:Q99"), "L1") -> 0 | R10: =COUNTIF(INDIRECT("'" & B10 & "'!Q3:Q99"), "L2") -> 0 | S10: =COUNTIF(INDIRECT("'" & B10 & "'!Q3:Q99"), "L3") -> 0 | T10: =COUNTIF(INDIRECT("'" & B10 & "'!Q3:Q99"), "NA") -> 0 | U10: =COUNTIF(INDIRECT("'" & B10 & "'!Q3:Q99"), "A") -> 0 | V10: =COUNTIF(INDIRECT("'" & B10 & "'!R3:S99"),1)/COUNT(INDIRECT("'" & B10 & "'!R3:s99")) -> #DIV/0!
A11: FALSE | B11: 7333 | C11: Ghost | D11: =AVERAGE(INDIRECT("'" & B11 & "'!Q3:Q99"))/100 -> 0.67 | E11: =AVERAGE(INDIRECT("'" & B11 & "'!AB3:AB99")) -> 53.777778 | F11: =COUNTIF(INDIRECT("'" & B11 & "'!J3:J99"),1)/COUNT(INDIRECT("'" & B11 & "'!J3:J99")) -> #DIV/0! | G11: =COUNTIF(INDIRECT("'" & B11 & "'!I3:I99"),1)/COUNT(INDIRECT("'" & B11 & "'!I3:I99")) -> #DIV/0! | H11: =COUNTIF(INDIRECT("'" & B11 & "'!E3:E99"), "D") -> 8 | I11: =COUNTIF(INDIRECT("'" & B11 & "'!E3:E99"), "H") -> 0 | J11: =COUNTIF(INDIRECT("'" & B11 & "'!E3:E99"), "O") -> 1 | K11: =AVERAGE(INDIRECT("'" & B11 & "'!Y3:Y99")) -> 15.612903 | L11: =AVERAGE(INDIRECT("'" & B11 & "'!Q3:Q99")) -> 67 | M11: =COUNTIF(INDIRECT("'" & B11 & "'!K3:K99"),1)/COUNT(INDIRECT("'" & B11 & "'!K3:K99")) -> #DIV/0! | N11: =COUNTIF(INDIRECT("'" & B11 & "'!L3:L99"),1)/COUNT(INDIRECT("'" & B11 & "'!L3:L99")) -> #DIV/0! | O11: =COUNTIF(INDIRECT("'" & B11 & "'!M3:M99"),1)/COUNT(INDIRECT("'" & B11 & "'!M3:M99")) -> #DIV/0! | P11: =COUNTIF(INDIRECT("'" & B11 & "'!P3:P99"),1)/COUNT(INDIRECT("'" & B11 & "'!P3:P99")) -> 0 | Q11: =COUNTIF(INDIRECT("'" & B11 & "'!Q3:Q99"), "L1") -> 0 | R11: =COUNTIF(INDIRECT("'" & B11 & "'!Q3:Q99"), "L2") -> 0 | S11: =COUNTIF(INDIRECT("'" & B11 & "'!Q3:Q99"), "L3") -> 0 | T11: =COUNTIF(INDIRECT("'" & B11 & "'!Q3:Q99"), "NA") -> 0 | U11: =COUNTIF(INDIRECT("'" & B11 & "'!Q3:Q99"), "A") -> 0 | V11: =COUNTIF(INDIRECT("'" & B11 & "'!R3:S99"),1)/COUNT(INDIRECT("'" & B11 & "'!R3:s99")) -> #DIV/0!
A12: FALSE | B12: 7425 | C12: Green Valley Robotics | D12: =AVERAGE(INDIRECT("'" & B12 & "'!Q3:Q99"))/100 -> 0.74428571 | E12: =AVERAGE(INDIRECT("'" & B12 & "'!AB3:AB99")) -> 57.714286 | F12: =COUNTIF(INDIRECT("'" & B12 & "'!J3:J99"),1)/COUNT(INDIRECT("'" & B12 & "'!J3:J99")) -> 0 | G12: =COUNTIF(INDIRECT("'" & B12 & "'!I3:I99"),1)/COUNT(INDIRECT("'" & B12 & "'!I3:I99")) -> #DIV/0! | H12: =COUNTIF(INDIRECT("'" & B12 & "'!E3:E99"), "D") -> 1 | I12: =COUNTIF(INDIRECT("'" & B12 & "'!E3:E99"), "H") -> 4 | J12: =COUNTIF(INDIRECT("'" & B12 & "'!E3:E99"), "O") -> 2 | K12: =AVERAGE(INDIRECT("'" & B12 & "'!Y3:Y99")) -> 13.032258 | L12: =AVERAGE(INDIRECT("'" & B12 & "'!Q3:Q99")) -> 74.428571 | M12: =COUNTIF(INDIRECT("'" & B12 & "'!K3:K99"),1)/COUNT(INDIRECT("'" & B12 & "'!K3:K99")) -> #DIV/0! | N12: =COUNTIF(INDIRECT("'" & B12 & "'!L3:L99"),1)/COUNT(INDIRECT("'" & B12 & "'!L3:L99")) -> #DIV/0! | O12: =COUNTIF(INDIRECT("'" & B12 & "'!M3:M99"),1)/COUNT(INDIRECT("'" & B12 & "'!M3:M99")) -> #DIV/0! | P12: =COUNTIF(INDIRECT("'" & B12 & "'!P3:P99"),1)/COUNT(INDIRECT("'" & B12 & "'!P3:P99")) -> 0 | Q12: =COUNTIF(INDIRECT("'" & B12 & "'!Q3:Q99"), "L1") -> 0 | R12: =COUNTIF(INDIRECT("'" & B12 & "'!Q3:Q99"), "L2") -> 0 | S12: =COUNTIF(INDIRECT("'" & B12 & "'!Q3:Q99"), "L3") -> 0 | T12: =COUNTIF(INDIRECT("'" & B12 & "'!Q3:Q99"), "NA") -> 0 | U12: =COUNTIF(INDIRECT("'" & B12 & "'!Q3:Q99"), "A") -> 0 | V12: =COUNTIF(INDIRECT("'" & B12 & "'!R3:S99"),1)/COUNT(INDIRECT("'" & B12 & "'!R3:s99")) -> #DIV/0!
A13: TRUE | B13: 2486 | C13: CocoNuts | D13: =AVERAGE(INDIRECT("'" & B13 & "'!Q3:Q99"))/100 -> 0.665 | E13: =AVERAGE(INDIRECT("'" & B13 & "'!AB3:AB99")) -> 52.75 | F13: =COUNTIF(INDIRECT("'" & B13 & "'!J3:J99"),1)/COUNT(INDIRECT("'" & B13 & "'!J3:J99")) -> #DIV/0! | G13: =COUNTIF(INDIRECT("'" & B13 & "'!I3:I99"),1)/COUNT(INDIRECT("'" & B13 & "'!I3:I99")) -> #DIV/0! | H13: =COUNTIF(INDIRECT("'" & B13 & "'!E3:E99"), "D") -> 3 | I13: =COUNTIF(INDIRECT("'" & B13 & "'!E3:E99"), "H") -> 1 | J13: =COUNTIF(INDIRECT("'" & B13 & "'!E3:E99"), "O") -> 0 | K13: =AVERAGE(INDIRECT("'" & B13 & "'!Y3:Y99")) -> 6.8064516 | L13: =AVERAGE(INDIRECT("'" & B13 & "'!Q3:Q99")) -> 66.5 | M13: =COUNTIF(INDIRECT("'" & B13 & "'!K3:K99"),1)/COUNT(INDIRECT("'" & B13 & "'!K3:K99")) -> #DIV/0! | N13: =COUNTIF(INDIRECT("'" & B13 & "'!L3:L99"),1)/COUNT(INDIRECT("'" & B13 & "'!L3:L99")) -> #DIV/0! | O13: =COUNTIF(INDIRECT("'" & B13 & "'!M3:M99"),1)/COUNT(INDIRECT("'" & B13 & "'!M3:M99")) -> #DIV/0! | P13: =COUNTIF(INDIRECT("'" & B13 & "'!P3:P99"),1)/COUNT(INDIRECT("'" & B13 & "'!P3:P99")) -> 0 | Q13: =COUNTIF(INDIRECT("'" & B13 & "'!Q3:Q99"), "L1") -> 0 | R13: =COUNTIF(INDIRECT("'" & B13 & "'!Q3:Q99"), "L2") -> 0 | S13: =COUNTIF(INDIRECT("'" & B13 & "'!Q3:Q99"), "L3") -> 0 | T13: =COUNTIF(INDIRECT("'" & B13 & "'!Q3:Q99"), "NA") -> 0 | U13: =COUNTIF(INDIRECT("'" & B13 & "'!Q3:Q99"), "A") -> 0 | V13: =COUNTIF(INDIRECT("'" & B13 & "'!R3:S99"),1)/COUNT(INDIRECT("'" & B13 & "'!R3:s99")) -> #DIV/0!
A14: TRUE | B14: 9501 | C14: Sidereal Envoy | D14: =AVERAGE(INDIRECT("'" & B14 & "'!Q3:Q99"))/100 -> 0.76571429 | E14: =AVERAGE(INDIRECT("'" & B14 & "'!AB3:AB99")) -> 47.142857 | F14: =COUNTIF(INDIRECT("'" & B14 & "'!J3:J99"),1)/COUNT(INDIRECT("'" & B14 & "'!J3:J99")) -> 0 | G14: =COUNTIF(INDIRECT("'" & B14 & "'!I3:I99"),1)/COUNT(INDIRECT("'" & B14 & "'!I3:I99")) -> #DIV/0! | H14: =COUNTIF(INDIRECT("'" & B14 & "'!E3:E99"), "D") -> 4 | I14: =COUNTIF(INDIRECT("'" & B14 & "'!E3:E99"), "H") -> 1 | J14: =COUNTIF(INDIRECT("'" & B14 & "'!E3:E99"), "O") -> 2 | K14: =AVERAGE(INDIRECT("'" & B14 & "'!Y3:Y99")) -> 10.645161 | L14: =AVERAGE(INDIRECT("'" & B14 & "'!Q3:Q99")) -> 76.571429 | M14: =COUNTIF(INDIRECT("'" & B14 & "'!K3:K99"),1)/COUNT(INDIRECT("'" & B14 & "'!K3:K99")) -> #DIV/0! | N14: =COUNTIF(INDIRECT("'" & B14 & "'!L3:L99"),1)/COUNT(INDIRECT("'" & B14 & "'!L3:L99")) -> #DIV/0! | O14: =COUNTIF(INDIRECT("'" & B14 & "'!M3:M99"),1)/COUNT(INDIRECT("'" & B14 & "'!M3:M99")) -> #DIV/0! | P14: =COUNTIF(INDIRECT("'" & B14 & "'!P3:P99"),1)/COUNT(INDIRECT("'" & B14 & "'!P3:P99")) -> 0 | Q14: =COUNTIF(INDIRECT("'" & B14 & "'!Q3:Q99"), "L1") -> 0 | R14: =COUNTIF(INDIRECT("'" & B14 & "'!Q3:Q99"), "L2") -> 0 | S14: =COUNTIF(INDIRECT("'" & B14 & "'!Q3:Q99"), "L3") -> 0 | T14: =COUNTIF(INDIRECT("'" & B14 & "'!Q3:Q99"), "NA") -> 0 | U14: =COUNTIF(INDIRECT("'" & B14 & "'!Q3:Q99"), "A") -> 0 | V14: =COUNTIF(INDIRECT("'" & B14 & "'!R3:S99"),1)/COUNT(INDIRECT("'" & B14 & "'!R3:s99")) -> #DIV/0!
... A57: FALSE | B57: 9704 | C57: IgKnighted | D57: =AVERAGE(INDIRECT("'" & B57 & "'!Q3:Q99"))/100 -> 0.218 | E57: =AVERAGE(INDIRECT("'" & B57 & "'!AB3:AB99")) -> 0 | F57: =COUNTIF(INDIRECT("'" & B57 & "'!J3:J99"),1)/COUNT(INDIRECT("'" & B57 & "'!J3:J99")) -> #DIV/0! | G57: =COUNTIF(INDIRECT("'" & B57 & "'!I3:I99"),1)/COUNT(INDIRECT("'" & B57 & "'!I3:I99")) -> #DIV/0! | H57: =COUNTIF(INDIRECT("'" & B57 & "'!E3:E99"), "D") -> 0 | I57: =COUNTIF(INDIRECT("'" & B57 & "'!E3:E99"), "H") -> 3 | J57: =COUNTIF(INDIRECT("'" & B57 & "'!E3:E99"), "O") -> 2 | K57: =AVERAGE(INDIRECT("'" & B57 & "'!Y3:Y99")) -> 0 | L57: =AVERAGE(INDIRECT("'" & B57 & "'!Q3:Q99")) -> 21.8 | M57: =COUNTIF(INDIRECT("'" & B57 & "'!K3:K99"),1)/COUNT(INDIRECT("'" & B57 & "'!K3:K99")) -> #DIV/0! | N57: =COUNTIF(INDIRECT("'" & B57 & "'!L3:L99"),1)/COUNT(INDIRECT("'" & B57 & "'!L3:L99")) -> #DIV/0! | O57: =COUNTIF(INDIRECT("'" & B57 & "'!M3:M99"),1)/COUNT(INDIRECT("'" & B57 & "'!M3:M99")) -> #DIV/0! | P57: =COUNTIF(INDIRECT("'" & B57 & "'!P3:P99"),1)/COUNT(INDIRECT("'" & B57 & "'!P3:P99")) -> 0 | Q57: =COUNTIF(INDIRECT("'" & B57 & "'!Q3:Q99"), "L1") -> 0 | R57: =COUNTIF(INDIRECT("'" & B57 & "'!Q3:Q99"), "L2") -> 0 | S57: =COUNTIF(INDIRECT("'" & B57 & "'!Q3:Q99"), "L3") -> 0 | T57: =COUNTIF(INDIRECT("'" & B57 & "'!Q3:Q99"), "NA") -> 0 | U57: =COUNTIF(INDIRECT("'" & B57 & "'!Q3:Q99"), "A") -> 0 | V57: =COUNTIF(INDIRECT("'" & B57 & "'!R3:S99"),1)/COUNT(INDIRECT("'" & B57 & "'!R3:s99")) -> #DIV/0!
A58: FALSE
A59: FALSE

Sheet Lijsten
A1: {=_xlfn.UNIQUE(Data_Input!D:D)} -> Team Number | C1: wedstrijden
A2: 6479 | C2: 1
A3: 2403 | C3: 2
A4: 9091 | C4: 3
A5: 10114 | C5: 4
A6: 6833 | C6: 5
A7: 2478 | C7: 6
A8: 2662 | C8: 7
A9: 991 | C9: 8
A10: 3424 | C10: 9
A11: 10506 | C11: 10
A12: 9059 | C12: 11
A13: 987 | C13: 12
... A65: 0 | C65: 64
C66: 65
C67: 66
C68: 67
C69: 68
C70: 69
C71: 70
C72: 71
C73: 72
C74: 73
C75: 74
C76: 75
C77: 76
C78: 77
C79: P1
C80: P2
C81: P3
C82: P4
C83: P5
C84: P6
C85: P7
C86: P8
C87: P9
C88: P10
C89: P11
C90: P12
C91: P13

Sheet 60
A1: 60
A2: Scouter Initials | B2: Match Number | C2: Robot | D2: Team Number | E2: Starting Position | F2: No Show | G2: Preload | H2: Moved? | I2: Shoot | J2: Climbing | K2: PickUp Ground | L2: PickUP Human Player | M2: PickUp Depot | N2: +1 | O2: +3 | P2: +5 | Q2: Amount in Hub | R2: Defence/ to other side | S2: End Position | T2: Died? | U2: Tipped/Fell Over? | V2: Comments | W2: driver skill
A3: {=_xlfn._xlws.FILTER(Tabel1[], Tabel1[Team Number]=A1, "Geen resutaten")} -> Joep | B3: 16 | C3: B2 | D3: 60 | E3: H | F3: false | G3: true | H3: false | I3: true | J3: NA | K3: true | L3: false | M3: false | N3: 20 | O3: 3 | P3: 5 | Q3: 70 | R3: false | S3: NA | T3: false | U3: false | V3: 0 | W3: 3 | Y3: =SUM($N$3:$P$3) -> 28 | Z3: als er niets staat geen nul neer zetten | AB3: =IF(B3,SUM(N3:P3),"") -> 28
A4: AA | B4: 28 | C4: R2 | D4: 60 | E4: H | F4: false | G4: true | H4: false | I4: false | J4: NA | K4: true | L4: false | M4: false | N4: 1 | O4: 3 | P4: 15 | Q4: 63 | R4: false | S4: NA | T4: false | U4: false | V4: Calm all around, can do better didn»t do bad | W4: 3 | Y4: =SUM($N$4:$P$4) -> 19 | AB4: =IF(B4,SUM(N4:P4),"") -> 19
A5: JV | B5: 35 | C5: R3 | D5: 60 | E5: H | F5: false | G5: true | H5: false | I5: false | J5: NA | K5: true | L5: false | M5: false | N5: 0 | O5: 0 | P5: 0 | Q5: 1 | R5: false | S5: NA | T5: false | U5: false | V5: Was just roaming the field and feeding team ball badly | W5: 2 | Y5: =SUM($N$5:$P$5) -> 0 | AB5: =IF(B5,SUM(N5:P5),"") -> 0
A6: Joep | B6: 45 | C6: B1 | D6: 60 | E6: D | F6: false | G6: true | H6: false | I6: true | J6: NA | K6: false | L6: false | M6: false | N6: 12 | O6: 0 | P6: 15 | Q6: 30 | R6: false | S6: NA | T6: false | U6: false | V6: 0 | W6: 3 | Y6: =SUM($N$6:$P$6) -> 27 | AB6: =IF(B6,SUM(N6:P6),"") -> 27
A7: AA | B7: 64 | C7: R2 | D7: 60 | E7: H | F7: false | G7: true | H7: false | I7: false | J7: NA | K7: true | L7: false | M7: true | N7: 5 | O7: 9 | P7: 30 | Q7: 45 | R7: false | S7: NA | T7: false | U7: false | V7: Decent at everything and just calmer | W7: 3 | Y7: =SUM($N$7:$P$7) -> 44 | AB7: =IF(B7,SUM(N7:P7),"") -> 44
Y8: =SUM($N$8:$P$8) -> 0 | AB8: =IF(B8,SUM(N8:P8),"")
Y9: =SUM($N$9:$P$9) -> 0 | AB9: =IF(B9,SUM(N9:P9),"")
Y10: =SUM($N$10:$P$10) -> 0 | AB10: =IF(B10,SUM(N10:P10),"")
Y11: =SUM($N$11:$P$11) -> 0 | AB11: =IF(B11,SUM(N11:P11),"")
Y12: =SUM($N$12:$P$12) -> 0 | AB12: =IF(B12,SUM(N12:P12),"")
Y13: =SUM($N$13:$P$13) -> 0 | AB13: =IF(B13,SUM(N13:P13),"")
Y14: =SUM($N$14:$P$14) -> 0 | AB14: =IF(B14,SUM(N14:P14),"")
Y15: =SUM($N$15:$P$15) -> 0 | AB15: =IF(B15,SUM(N15:P15),"")
Y16: =SUM($N$16:$P$16) -> 0 | AB16: =IF(B16,SUM(N16:P16),"")
Y17: =SUM($N$17:$P$17) -> 0 | AB17: =IF(B17,SUM(N17:P17),"")
Y18: =SUM($N$18:$P$18) -> 0 | AB18: =IF(B18,SUM(N18:P18),"")
Y19: =SUM($N$19:$P$19) -> 0 | AB19: =IF(B19,SUM(N19:P19),"")
Y20: =SUM($N$20:$P$20) -> 0 | AB20: =IF(B20,SUM(N20:P20),"")
Z21: =SUM(N21:P21) -> 0
Z22: =SUM(N22:P22) -> 0
Z23: =SUM(N23:P23) -> 0
Z24: =SUM(N24:P24) -> 0
Z25: =SUM(N25:P25) -> 0
Z26: =SUM(N26:P26) -> 0
Z27: =SUM(N27:P27) -> 0
Z28: =SUM(N28:P28) -> 0
Z29: =SUM(N29:P29) -> 0
Z30: =SUM(N30:P30) -> 0
Z31: =SUM(N31:P31) -> 0
Z32: =SUM(N32:P32) -> 0
Z33: =SUM(N33:P33) -> 0

Sheet 244
A1: 244
A2: Scouter Initials | B2: Match Number | C2: Robot | D2: Team Number | E2: Starting Position | F2: No Show | G2: Preload | H2: Moved? | I2: Shoot | J2: Climbing | K2: PickUp Ground | L2: PickUP Human Player | M2: PickUp Depot | N2: +1 | O2: +3 | P2: +5 | Q2: Amount in Hub | R2: Defence/ to other side | S2: End Position | T2: Died? | U2: Tipped/Fell Over? | V2: Comments | W2: driver skill
A3: {=_xlfn._xlws.FILTER(Tabel1[], Tabel1[Team Number]=A1, "Geen resultaten")} -> LeoV | B3: 4 | C3: R2 | D3: 244 | E3: H | F3: false | G3: true | H3: false | I3: true | J3: NA | K3: true | L3: false | M3: false | N3: 3 | O3: 6 | P3: 20 | Q3: 36 | R3: false | S3: NA | T3: false | U3: false | V3: Very inacuarate, messy shooting, no power. Collected slow | W3: 3 | Y3: =SUM($N$3:$P$3) -> 29 | AB3: =IF(B3,SUM(N3:P3),"") -> 29
A4: Nick | B4: 12 | C4: B1 | D4: 244 | E4: H | F4: false | G4: true | H4: false | I4: true | J4: 0 | K4: true | L4: false | M4: false | N4: 1 | O4: 3 | P4: 30 | Q4: 21 | R4: false | S4: NA | T4: false | U4: false | V4: Awfull | W4: 2 | Y4: =SUM($N$4:$P$4) -> 34 | AB4: =IF(B4,SUM(N4:P4),"") -> 34
A5: Joep | B5: 27 | C5: B2 | D5: 244 | E5: D | F5: false | G5: true | H5: false | I5: true | J5: NA | K5: true | L5: false | M5: false | N5: 2 | O5: 0 | P5: 45 | Q5: 30 | R5: false | S5: NA | T5: false | U5: false | V5: Intake broke | W5: 3 | Y5: =SUM($N$5:$P$5) -> 47 | AB5: =IF(B5,SUM(N5:P5),"") -> 47
A6: Anita Karki | B6: 33 | C6: B1 | D6: 244 | E6: D | F6: false | G6: true | H6: false | I6: false | J6: NA | K6: false | L6: false | M6: false | N6: 0 | O6: 0 | P6: 0 | Q6: 1 | R6: false | S6: No Attempt | T6: true | U6: false | V6: 0 | W6: 1 | Y6: =SUM($N$6:$P$6) -> 0 | AB6: =IF(B6,SUM(N6:P6),"") -> 0
A7: Yannis | B7: 39 | C7: B3 | D7: 244 | E7: H | F7: true | G7: false | H7: false | I7: false | J7: 0 | K7: false | L7: false | M7: false | N7: 0 | O7: 0 | P7: 0 | Q7: 100 | R7: false | S7: NA | T7: false | U7: false | V7: 0 | W7: 3 | Y7: =SUM($N$7:$P$7) -> 0 | AB7: =IF(B7,SUM(N7:P7),"") -> 0
A8: JV | B8: 48 | C8: R3 | D8: 244 | E8: H | F8: false | G8: false | H8: false | I8: false | J8: NA | K8: false | L8: false | M8: false | N8: 0 | O8: 0 | P8: 0 | Q8: 100 | R8: false | S8: NA | T8: false | U8: false | V8: Mainly worked on feeding team balls | W8: 4 | Y8: =SUM($N$8:$P$8) -> 0 | AB8: =IF(B8,SUM(N8:P8),"") -> 0
A9: AA | B9: 69 | C9: R2 | D9: 244 | E9: H | F9: false | G9: true | H9: false | I9: true | J9: NA | K9: true | L9: false | M9: true | N9: 2 | O9: 6 | P9: 35 | Q9: 21 | R9: false | S9: NA | T9: false | U9: false | V9: Stayed entirely on ally side, bad shooter. | W9: 2 | Y9: =SUM($N$9:$P$9) -> 43 | AB9: =IF(B9,SUM(N9:P9),"") -> 43
A10: BW | B10: 78 | C10: R1 | D10: 244 | E10: D | F10: false | G10: true | H10: false | I10: false | J10: NA | K10: false | L10: false | M10: false | N10: 3 | O10: 3 | P10: 0 | Q10: 40 | R10: false | S10: NA | T10: false | U10: false | V10: 0 | W10: 2 | Y10: =SUM($N$10:$P$10) -> 6 | AB10: =IF(B10,SUM(N10:P10),"") -> 6
A11: GD | B11: 78 | C11: R1 | D11: 244 | E11: H | F11: false | G11: true | H11: false | I11: false | J11: 0 | K11: false | L11: false | M11: false | N11: 15 | O11: 0 | P11: 0 | Q11: 100 | R11: false | S11: NA | T11: false | U11: false | V11: 0 | W11: 3 | Y11: =SUM($N$11:$P$11) -> 15 | AB11: =IF(B11,SUM(N11:P11),"") -> 15
Y12: =SUM($N$12:$P$12) -> 0 | AB12: =IF(B12,SUM(N12:P12),"")
Y13: =SUM($N$13:$P$13) -> 0 | AB13: =IF(B13,SUM(N13:P13),"")
Y14: =SUM($N$14:$P$14) -> 0 | AB14: =IF(B14,SUM(N14:P14),"")
Y15: =SUM($N$15:$P$15) -> 0 | AB15: =IF(B15,SUM(N15:P15),"")
Y16: =SUM($N$16:$P$16) -> 0 | AB16: =IF(B16,SUM(N16:P16),"")
Y17: =SUM($N$17:$P$17) -> 0 | AB17: =IF(B17,SUM(N17:P17),"")
Y18: =SUM($N$18:$P$18) -> 0 | AB18: =IF(B18,SUM(N18:P18),"")
Y19: =SUM($N$19:$P$19) -> 0 | AB19: =IF(B19,SUM(N19:P19),"")
Y20: =SUM($N$20:$P$20) -> 0 | AB20: =IF(B20,SUM(N20:P20),"")
Y21: =SUM(M21:O21) -> 0
Y22: =SUM(M22:O22) -> 0
Y23: =SUM(M23:O23) -> 0
Y24: =SUM(M24:O24) -> 0
Y25: =SUM(M25:O25) -> 0
Y26: =SUM(M26:O26) -> 0
Y27: =SUM(M27:O27) -> 0
Y28: =SUM(M28:O28) -> 0
Y29: =SUM(M29:O29) -> 0
Y30: =SUM(M30:O30) -> 0
Y31: =SUM(M31:O31) -> 0
Y32: =SUM(M32:O32) -> 0
Y33: =SUM(M33:O33) -> 0

Sheet 288
A1: 288
A2: Scouter Initials | B2: Match Number | C2: Robot | D2: Team Number | E2: Starting Position | F2: No Show | G2: Preload | H2: Moved? | I2: Shoot | J2: Climbing | K2: PickUp Ground | L2: PickUP Human Player | M2: PickUp Depot | N2: +1 | O2: +3 | P2: +5 | Q2: Amount in Hub | R2: Defence/ to other side | S2: End Position | T2: Died? | U2: Tipped/Fell Over? | V2: Comments | W2: driver skill
A3: {=_xlfn._xlws.FILTER(Tabel1[], Tabel1[Team Number]=A1, "Geen resultaten")} -> Nick | B3: 4 | C3: B1 | D3: 288 | E3: O | F3: false | G3: true | H3: false | I3: true | J3: NA | K3: true | L3: false | M3: false | N3: 3 | O3: 0 | P3: 90 | Q3: 31 | R3: false | S3: NA | T3: false | U3: true | V3: Got stuck on top of the balls | W3: 3 | Y3: =SUM($N$3:$P$3) -> 93 | AB3: =IF(B3,SUM(N3:P3),"") -> 93
A4: Maud | B4: 12 | C4: R2 | D4: 288 | E4: D | F4: false | G4: true | H4: false | I4: true | J4: NA | K4: true | L4: false | M4: true | N4: 2 | O4: 30 | P4: 55 | Q4: 71 | R4: false | S4: NA | T4: false | U4: false | V4: Fairly good | W4: 4 | Y4: =SUM($N$4:$P$4) -> 87 | AB4: =IF(B4,SUM(N4:P4),"") -> 87
A5: JV | B5: 21 | C5: R3 | D5: 288 | E5: H | F5: false | G5: true | H5: true | I5: false | J5: NA | K5: true | L5: false | M5: false | N5: 0 | O5: 0 | P5: 0 | Q5: 100 | R5: false | S5: NA | T5: false | U5: false | V5: Mainly focused on getting the balls to their side but broke in the middle of the match. | W5: 4 | Y5: =SUM($N$5:$P$5) -> 0 | AB5: =IF(B5,SUM(N5:P5),"") -> 0
A6: LeoV | B6: 31 | C6: R3 | D6: 288 | E6: O | F6: false | G6: true | H6: false | I6: true | J6: NA | K6: true | L6: false | M6: false | N6: 0 | O6: 0 | P6: 0 | Q6: 73 | R6: false | S6: NA | T6: false | U6: false | V6: 0 | W6: 3 | Y6: =SUM($N$6:$P$6) -> 0 | AB6: =IF(B6,SUM(N6:P6),"") -> 0
A7: JV | B7: 38 | C7: R3 | D7: 288 | E7: H | F7: false | G7: true | H7: true | I7: true | J7: NA | K7: false | L7: false | M7: false | N7: 0 | O7: 0 | P7: 0 | Q7: 100 | R7: false | S7: NA | T7: false | U7: false | V7: Mostly fed team balls and did a good job at it but they got stuck on the ramp quite often. | W7: 4 | Y7: =SUM($N$7:$P$7) -> 0 | AB7: =IF(B7,SUM(N7:P7),"") -> 0
A8: Jippe | B8: 67 | C8: B1 | D8: 288 | E8: H | F8: true | G8: false | H8: false | I8: false | J8: No attempt | K8: false | L8: false | M8: false | N8: 0 | O8: 3 | P8: 5 | Q8: 36 | R8: true | S8: NA | T8: false | U8: false | V8: 0 | W8: 3 | Y8: =SUM($N$8:$P$8) -> 8 | AB8: =IF(B8,SUM(N8:P8),"") -> 8
A9: BW | B9: 75 | C9: R1 | D9: 288 | E9: D | F9: false | G9: true | H9: false | I9: false | J9: NA | K9: true | L9: false | M9: false | N9: 0 | O9: 12 | P9: 5 | Q9: 67 | R9: false | S9: NA | T9: false | U9: false | V9: 0 | W9: 3 | Y9: =SUM($N$9:$P$9) -> 17 | AB9: =IF(B9,SUM(N9:P9),"") -> 17
Y10: =SUM($N$10:$P$10) -> 0 | AB10: =IF(B10,SUM(N10:P10),"")
Y11: =SUM($N$11:$P$11) -> 0 | AB11: =IF(B11,SUM(N11:P11),"")
Y12: =SUM($N$12:$P$12) -> 0 | AB12: =IF(B12,SUM(N12:P12),"")
Y13: =SUM($N$13:$P$13) -> 0 | AB13: =IF(B13,SUM(N13:P13),"")
Y14: =SUM($N$14:$P$14) -> 0 | AB14: =IF(B14,SUM(N14:P14),"")
Y15: =SUM($N$15:$P$15) -> 0 | AB15: =IF(B15,SUM(N15:P15),"")
Y16: =SUM($N$16:$P$16) -> 0 | AB16: =IF(B16,SUM(N16:P16),"")
Y17: =SUM($N$17:$P$17) -> 0 | AB17: =IF(B17,SUM(N17:P17),"")
Y18: =SUM($N$18:$P$18) -> 0 | AB18: =IF(B18,SUM(N18:P18),"")
Y19: =SUM($N$19:$P$19) -> 0 | AB19: =IF(B19,SUM(N19:P19),"")
Y20: =SUM($N$20:$P$20) -> 0 | AB20: =IF(B20,SUM(N20:P20),"")
Y21: =SUM(M21:O21) -> 0
Y22: =SUM(M22:O22) -> 0
Y23: =SUM(M23:O23) -> 0
Y24: =SUM(M24:O24) -> 0
Y25: =SUM(M25:O25) -> 0
Y26: =SUM(M26:O26) -> 0
Y27: =SUM(M27:O27) -> 0
Y28: =SUM(M28:O28) -> 0
Y29: =SUM(M29:O29) -> 0
Y30: =SUM(M30:O30) -> 0
Y31: =SUM(M31:O31) -> 0
Y32: =SUM(M32:O32) -> 0
Y33: =SUM(M33:O33) -> 0

Sheet 698
A1: 698
A2: Scouter Initials | B2: Match Number | C2: Robot | D2: Team Number | E2: Starting Position | F2: No Show | G2: Preload | H2: Moved? | I2: Shoot | J2: Climbing | K2: PickUp Ground | L2: PickUP Human Player | M2: PickUp Depot | N2: +1 | O2: +3 | P2: +5 | Q2: Amount in Hub | R2: Defence/ to other side | S2: End Position | T2: Died? | U2: Tipped/Fell Over? | V2: Comments | W2: driver skill
A3: {=_xlfn._xlws.FILTER(Tabel1[], Tabel1[Team Number]=A1, "Geen resultaten")} -> Maud | B3: 23 | C3: B2 | D3: 698 | E3: H | F3: false | G3: true | H3: true | I3: false | J3: 0 | K3: false | L3: false | M3: false | N3: 0 | O3: 0 | P3: 0 | Q3: 100 | R3: false | S3: NA | T3: true | U3: false | V3: During auto weird thing with intake. Bumper fell off robot and died | W3: 3 | Y3: =SUM($N$3:$P$3) -> 0 | AB3: =IF(B3,SUM(N3:P3),"") -> 0
A4: GDp | B4: 32 | C4: R1 | D4: 698 | E4: D | F4: false | G4: true | H4: false | I4: true | J4: NA | K4: true | L4: false | M4: false | N4: 30 | O4: 0 | P4: 0 | Q4: 67 | R4: true | S4: NA | T4: false | U4: false | V4: Shot fast | W4: 4 | Y4: =SUM($N$4:$P$4) -> 30 | AB4: =IF(B4,SUM(N4:P4),"") -> 30
A5: GD | B5: 57 | C5: R1 | D5: 698 | E5: H | F5: false | G5: true | H5: true | I5: true | J5: NA | K5: false | L5: false | M5: false | N5: 30 | O5: 0 | P5: 0 | Q5: 77 | R5: true | S5: NA | T5: false | U5: false | V5: 0 | W5: 3 | Y5: =SUM($N$5:$P$5) -> 30 | AB5: =IF(B5,SUM(N5:P5),"") -> 30
A6: JV | B6: 68 | C6: R3 | D6: 698 | E6: H | F6: false | G6: true | H6: true | I6: true | J6: NA | K6: false | L6: false | M6: false | N6: 0 | O6: 0 | P6: 0 | Q6: 100 | R6: false | S6: NA | T6: false | U6: false | V6: Didn't try svkreing was just on the side lines for the most of it doing nothing. | W6: 2 | Y6: =SUM($N$6:$P$6) -> 0 | AB6: =IF(B6,SUM(N6:P6),"") -> 0
A7: JV | B7: 78 | C7: R3 | D7: 698 | E7: H | F7: false | G7: true | H7: true | I7: false | J7: NA | K7: true | L7: false | M7: false | N7: 12 | O7: 0 | P7: 0 | Q7: 87 | R7: false | S7: NA | T7: false | U7: false | V7: Focused on basic offense also got pushed around abit | W7: 4 | Y7: =SUM($N$7:$P$7) -> 12 | AB7: =IF(B7,SUM(N7:P7),"") -> 12
Y8: =SUM($N$8:$P$8) -> 0 | AB8: =IF(B8,SUM(N8:P8),"")
Y9: =SUM($N$9:$P$9) -> 0 | AB9: =IF(B9,SUM(N9:P9),"")
Y10: =SUM($N$10:$P$10) -> 0 | AB10: =IF(B10,SUM(N10:P10),"")
Y11: =SUM($N$11:$P$11) -> 0 | AB11: =IF(B11,SUM(N11:P11),"")
Y12: =SUM($N$12:$P$12) -> 0 | AB12: =IF(B12,SUM(N12:P12),"")
Y13: =SUM($N$13:$P$13) -> 0 | AB13: =IF(B13,SUM(N13:P13),"")
Y14: =SUM($N$14:$P$14) -> 0 | AB14: =IF(B14,SUM(N14:P14),"")
Y15: =SUM($N$15:$P$15) -> 0 | AB15: =IF(B15,SUM(N15:P15),"")
Y16: =SUM($N$16:$P$16) -> 0 | AB16: =IF(B16,SUM(N16:P16),"")
Y17: =SUM($N$17:$P$17) -> 0 | AB17: =IF(B17,SUM(N17:P17),"")
Y18: =SUM($N$18:$P$18) -> 0 | AB18: =IF(B18,SUM(N18:P18),"")
Y19: =SUM($N$19:$P$19) -> 0 | AB19: =IF(B19,SUM(N19:P19),"")
Y20: =SUM($N$20:$P$20) -> 0 | AB20: =IF(B20,SUM(N20:P20),"")
Y21: =SUM(M21:O21) -> 0
Y22: =SUM(M22:O22) -> 0
Y23: =SUM(M23:O23) -> 0
Y24: =SUM(M24:O24) -> 0
Y25: =SUM(M25:O25) -> 0
Y26: =SUM(M26:O26) -> 0
Y27: =SUM(M27:O27) -> 0
Y28: =SUM(M28:O28) -> 0
Y29: =SUM(M29:O29) -> 0
Y30: =SUM(M30:O30) -> 0
Y31: =SUM(M31:O31) -> 0
Y32: =SUM(M32:O32) -> 0
Y33: =SUM(M33:O33) -> 0

Sheet 987
A1: 987
A2: Scouter Initials | B2: Match Number | C2: Robot | D2: Team Number | E2: Starting Position | F2: No Show | G2: Preload | H2: Moved? | I2: Shoot | J2: Climbing | K2: PickUp Ground | L2: PickUP Human Player | M2: PickUp Depot | N2: +1 | O2: +3 | P2: +5 | Q2: Amount in Hub | R2: Defence/ to other side | S2: End Position | T2: Died? | U2: Tipped/Fell Over? | V2: Comments | W2: driver skill
A3: {=_xlfn._xlws.FILTER(Tabel1[], Tabel1[Team Number]=A1, "Geen resultaten")} -> Nick | B3: 3 | C3: R3 | D3: 987 | E3: O | F3: false | G3: true | H3: true | I3: true | J3: NA | K3: false | L3: false | M3: false | N3: 4 | O3: 18 | P3: 140 | Q3: 42 | R3: false | S3: NA | T3: true | U3: false | V3: Great passing, fast handeling, can go over and under, shoots fast | W3: 4 | Y3: =SUM($N$3:$P$3) -> 162 | AB3: =IF(B3,SUM(N3:P3),"") -> 162
A4: Yannis | B4: 25 | C4: B3 | D4: 987 | E4: O | F4: false | G4: true | H4: true | I4: true | J4: NA | K4: true | L4: false | M4: false | N4: 0 | O4: 0 | P4: 60 | Q4: 82 | R4: false | S4: NA | T4: false | U4: false | V4: Very hard to count balls, may be inaccurate. | W4: 4 | Y4: =SUM($N$4:$P$4) -> 60 | AB4: =IF(B4,SUM(N4:P4),"") -> 60
A5: AA | B5: 40 | C5: R2 | D5: 987 | E5: H | F5: false | G5: true | H5: true | I5: true | J5: NA | K5: false | L5: false | M5: false | N5: 0 | O5: 0 | P5: 0 | Q5: 100 | R5: false | S5: 2 | T5: false | U5: false | V5: Cant pick up butt sdnt, | W5: 0 | Y5: =SUM($N$5:$P$5) -> 0 | AB5: =IF(B5,SUM(N5:P5),"") -> 0
A6: GD | B6: 48 | C6: R1 | D6: 987 | E6: H | F6: false | G6: true | H6: true | I6: false | J6: No attempt | K6: false | L6: false | M6: false | N6: 24 | O6: 0 | P6: 0 | Q6: 64 | R6: false | S6: NA | T6: false | U6: false | V6: 0 | W6: 4 | Y6: =SUM($N$6:$P$6) -> 24 | AB6: =IF(B6,SUM(N6:P6),"") -> 24
A7: Nick | B7: 64 | C7: B3 | D7: 987 | E7: O | F7: false | G7: true | H7: true | I7: true | J7: NA | K7: true | L7: false | M7: false | N7: 5 | O7: 24 | P7: 90 | Q7: 61 | R7: false | S7: NA | T7: false | U7: false | V7: Got stuck on balls once, defended | W7: 4 | Y7: =SUM($N$7:$P$7) -> 119 | AB7: =IF(B7,SUM(N7:P7),"") -> 119
A8: BW | B8: 72 | C8: R1 | D8: 987 | E8: O | F8: false | G8: false | H8: true | I8: true | J8: NA | K8: true | L8: false | M8: false | N8: 2 | O8: 15 | P8: 35 | Q8: 80 | R8: false | S8: 2 | T8: false | U8: false | V8: 0 | W8: 5 | Y8: =SUM($N$8:$P$8) -> 52 | AB8: =IF(B8,SUM(N8:P8),"") -> 52
Y9: =SUM($N$9:$P$9) -> 0 | AB9: =IF(B9,SUM(N9:P9),"")
Y10: =SUM($N$10:$P$10) -> 0 | AB10: =IF(B10,SUM(N10:P10),"")
Y11: =SUM($N$11:$P$11) -> 0 | AB11: =IF(B11,SUM(N11:P11),"")
Y12: =SUM($N$12:$P$12) -> 0 | AB12: =IF(B12,SUM(N12:P12),"")
Y13: =SUM($N$13:$P$13) -> 0 | AB13: =IF(B13,SUM(N13:P13),"")
Y14: =SUM($N$14:$P$14) -> 0 | AB14: =IF(B14,SUM(N14:P14),"")
Y15: =SUM($N$15:$P$15) -> 0 | AB15: =IF(B15,SUM(N15:P15),"")
Y16: =SUM($N$16:$P$16) -> 0 | AB16: =IF(B16,SUM(N16:P16),"")
Y17: =SUM($N$17:$P$17) -> 0 | AB17: =IF(B17,SUM(N17:P17),"")
Y18: =SUM($N$18:$P$18) -> 0 | AB18: =IF(B18,SUM(N18:P18),"")
Y19: =SUM($N$19:$P$19) -> 0 | AB19: =IF(B19,SUM(N19:P19),"")
Y20: =SUM($N$20:$P$20) -> 0 | AB20: =IF(B20,SUM(N20:P20),"")
Y21: =SUM(M21:O21) -> 0
Y22: =SUM(M22:O22) -> 0
Y23: =SUM(M23:O23) -> 0
Y24: =SUM(M24:O24) -> 0
Y25: =SUM(M25:O25) -> 0
Y26: =SUM(M26:O26) -> 0
Y27: =SUM(M27:O27) -> 0
Y28: =SUM(M28:O28) -> 0
Y29: =SUM(M29:O29) -> 0
Y30: =SUM(M30:O30) -> 0
Y31: =SUM(M31:O31) -> 0
Y32: =SUM(M32:O32) -> 0
Y33: =SUM(M33:O33) -> 0

Sheet 991
A1: 991
A2: Scouter Initials | B2: Match Number | C2: Robot | D2: Team Number | E2: Starting Position | F2: No Show | G2: Preload | H2: Moved? | I2: Shoot | J2: Climbing | K2: PickUp Ground | L2: PickUP Human Player | M2: PickUp Depot | N2: +1 | O2: +3 | P2: +5 | Q2: Amount in Hub | R2: Defence/ to other side | S2: End Position | T2: Died? | U2: Tipped/Fell Over? | V2: Comments | W2: driver skill
A3: {=_xlfn._xlws.FILTER(Tabel1[], Tabel1[Team Number]=A1, "Geen resultaten")} -> Nick | B3: 2 | C3: B1 | D3: 991 | E3: O | F3: false | G3: true | H3: true | I3: true | J3: NA | K3: true | L3: true | M3: false | N3: 1 | O3: 9 | P3: 25 | Q3: 16 | R3: false | S3: NA | T3: false | U3: false | V3: Fast, gets balls from outposts during auto, missies a lot | W3: 4 | Y3: =SUM($N$3:$P$3) -> 35 | AB3: =IF(B3,SUM(N3:P3),"") -> 35
A4: Jippe | B4: 12 | C4: B2 | D4: 991 | E4: O | F4: false | G4: true | H4: true | I4: true | J4: No attempt | K4: true | L4: false | M4: false | N4: 0 | O4: 0 | P4: 70 | Q4: 62 | R4: false | S4: NA | T4: false | U4: false | V4: 0 | W4: 4 | Y4: =SUM($N$4:$P$4) -> 70 | AB4: =IF(B4,SUM(N4:P4),"") -> 70
A5: BW | B5: 25 | C5: R1 | D5: 991 | E5: O | F5: false | G5: true | H5: true | I5: true | J5: NA | K5: true | L5: true | M5: false | N5: 30 | O5: 18 | P5: 25 | Q5: 90 | R5: false | S5: NA | T5: false | U5: false | V5: 0 | W5: 5 | Y5: =SUM($N$5:$P$5) -> 73 | AB5: =IF(B5,SUM(N5:P5),"") -> 73
A6: AA | B6: 34 | C6: R2 | D6: 991 | E6: H | F6: false | G6: true | H6: false | I6: false | J6: NA | K6: true | L6: false | M6: false | N6: 2 | O6: 3 | P6: 20 | Q6: 100 | R6: false | S6: NA | T6: false | U6: false | V6: Dead for big time so would»ve done better | W6: 3 | Y6: =SUM($N$6:$P$6) -> 25 | AB6: =IF(B6,SUM(N6:P6),"") -> 25
A7: AA | B7: 43 | C7: R2 | D7: 991 | E7: H | F7: false | G7: true | H7: true | I7: true | J7: NA | K7: true | L7: false | M7: false | N7: 1 | O7: 3 | P7: 25 | Q7: 100 | R7: false | S7: NA | T7: false | U7: false | V7: All around good bot and teammates, just no defending | W7: 5 | Y7: =SUM($N$7:$P$7) -> 29 | AB7: =IF(B7,SUM(N7:P7),"") -> 29
A8: Lex vG | B8: 55 | C8: B3 | D8: 991 | E8: D | F8: false | G8: true | H8: true | I8: true | J8: NA | K8: true | L8: false | M8: false | N8: 0 | O8: 0 | P8: 15 | Q8: 87 | R8: false | S8: NA | T8: false | U8: false | V8: Turret acting up | W8: 3 | Y8: =SUM($N$8:$P$8) -> 15 | AB8: =IF(B8,SUM(N8:P8),"") -> 15
A9: JV | B9: 63 | C9: R3 | D9: 991 | E9: H | F9: false | G9: true | H9: true | I9: true | J9: NA | K9: true | L9: false | M9: false | N9: 63 | O9: 0 | P9: 0 | Q9: 93 | R9: false | S9: NA | T9: false | U9: false | V9: Switched between ball feeding and offense. | W9: 5 | Y9: =SUM($N$9:$P$9) -> 63 | AB9: =IF(B9,SUM(N9:P9),"") -> 63
A10: Jippe | B10: 69 | C10: B1 | D10: 991 | E10: O | F10: false | G10: true | H10: true | I10: true | J10: No attempt | K10: true | L10: false | M10: false | N10: 0 | O10: 3 | P10: 55 | Q10: 77 | R10: false | S10: NA | T10: false | U10: false | V10: Broke their intake on the climbing structure | W10: 5 | Y10: =SUM($N$10:$P$10) -> 58 | AB10: =IF(B10,SUM(N10:P10),"") -> 58
Y11: =SUM($N$11:$P$11) -> 0 | AB11: =IF(B11,SUM(N11:P11),"")
Y12: =SUM($N$12:$P$12) -> 0 | AB12: =IF(B12,SUM(N12:P12),"")
Y13: =SUM($N$13:$P$13) -> 0 | AB13: =IF(B13,SUM(N13:P13),"")
Y14: =SUM($N$14:$P$14) -> 0 | AB14: =IF(B14,SUM(N14:P14),"")
Y15: =SUM($N$15:$P$15) -> 0 | AB15: =IF(B15,SUM(N15:P15),"")
Y16: =SUM($N$16:$P$16) -> 0 | AB16: =IF(B16,SUM(N16:P16),"")
Y17: =SUM($N$17:$P$17) -> 0 | AB17: =IF(B17,SUM(N17:P17),"")
Y18: =SUM($N$18:$P$18) -> 0 | AB18: =IF(B18,SUM(N18:P18),"")
Y19: =SUM($N$19:$P$19) -> 0 | AB19: =IF(B19,SUM(N19:P19),"")
Y20: =SUM($N$20:$P$20) -> 0 | AB20: =IF(B20,SUM(N20:P20),"")
Y21: =SUM(M21:O21) -> 0
Y22: =SUM(M22:O22) -> 0
Y23: =SUM(M23:O23) -> 0
Y24: =SUM(M24:O24) -> 0
Y25: =SUM(M25:O25) -> 0
Y26: =SUM(M26:O26) -> 0
Y27: =SUM(M27:O27) -> 0
Y28: =SUM(M28:O28) -> 0
Y29: =SUM(M29:O29) -> 0
Y30: =SUM(M30:O30) -> 0
Y31: =SUM(M31:O31) -> 0
Y32: =SUM(M32:O32) -> 0
Y33: =SUM(M33:O33) -> 0

Sheet 996
A1: 996
A2: Scouter Initials | B2: Match Number | C2: Robot | D2: Team Number | E2: Starting Position | F2: No Show | G2: Preload | H2: Moved? | I2: Shoot | J2: Climbing | K2: PickUp Ground | L2: PickUP Human Player | M2: PickUp Depot | N2: +1 | O2: +3 | P2: +5 | Q2: Amount in Hub | R2: Defence/ to other side | S2: End Position | T2: Died? | U2: Tipped/Fell Over? | V2: Comments | W2: driver skill
A3: {=_xlfn._xlws.FILTER(Tabel1[], Tabel1[Team Number]=A1, "Geen resultaten")} -> Maud | B3: 11 | C3: R2 | D3: 996 | E3: H | F3: true | G3: false | H3: false | I3: false | J3: No attempt | K3: false | L3: false | M3: false | N3: 0 | O3: 0 | P3: 0 | Q3: 100 | R3: false | S3: NA | T3: false | U3: false | V3: 0 | W3: 5 | Y3: =SUM($N$3:$P$3) -> 0 | AB3: =IF(B3,SUM(N3:P3),"") -> 0
A4: Jippe | B4: 28 | C4: B3 | D4: 996 | E4: D | F4: false | G4: false | H4: true | I4: false | J4: NA | K4: false | L4: false | M4: false | N4: 0 | O4: 0 | P4: 0 | Q4: 100 | R4: true | S4: NA | T4: false | U4: false | V4: 0 | W4: 1 | Y4: =SUM($N$4:$P$4) -> 0 | AB4: =IF(B4,SUM(N4:P4),"") -> 0
A5: Joep | B5: 44 | C5: B1 | D5: 996 | E5: D | F5: false | G5: false | H5: true | I5: false | J5: NA | K5: false | L5: false | M5: false | N5: 0 | O5: 0 | P5: 0 | Q5: 100 | R5: false | S5: NA | T5: false | U5: false | V5: 0 | W5: 5 | Y5: =SUM($N$5:$P$5) -> 0 | AB5: =IF(B5,SUM(N5:P5),"") -> 0
A6: Jippe | B6: 51 | C6: B2 | D6: 996 | E6: O | F6: false | G6: false | H6: false | I6: false | J6: No attempt | K6: false | L6: false | M6: false | N6: 0 | O6: 0 | P6: 0 | Q6: 100 | R6: true | S6: NA | T6: false | U6: false | V6: 0 | W6: 4 | Y6: =SUM($N$6:$P$6) -> 0 | AB6: =IF(B6,SUM(N6:P6),"") -> 0
Y7: =SUM($N$7:$P$7) -> 0 | AB7: =IF(B7,SUM(N7:P7),"")
Y8: =SUM($N$8:$P$8) -> 0 | AB8: =IF(B8,SUM(N8:P8),"")
Y9: =SUM($N$9:$P$9) -> 0 | AB9: =IF(B9,SUM(N9:P9),"")
Y10: =SUM($N$10:$P$10) -> 0 | AB10: =IF(B10,SUM(N10:P10),"")
Y11: =SUM($N$11:$P$11) -> 0 | AB11: =IF(B11,SUM(N11:P11),"")
Y12: =SUM($N$12:$P$12) -> 0 | AB12: =IF(B12,SUM(N12:P12),"")
Y13: =SUM($N$13:$P$13) -> 0 | AB13: =IF(B13,SUM(N13:P13),"")
Y14: =SUM($N$14:$P$14) -> 0 | AB14: =IF(B14,SUM(N14:P14),"")
Y15: =SUM($N$15:$P$15) -> 0 | AB15: =IF(B15,SUM(N15:P15),"")
Y16: =SUM($N$16:$P$16) -> 0 | AB16: =IF(B16,SUM(N16:P16),"")
Y17: =SUM($N$17:$P$17) -> 0 | AB17: =IF(B17,SUM(N17:P17),"")
Y18: =SUM($N$18:$P$18) -> 0 | AB18: =IF(B18,SUM(N18:P18),"")
Y19: =SUM($N$19:$P$19) -> 0 | AB19: =IF(B19,SUM(N19:P19),"")
Y20: =SUM($N$20:$P$20) -> 0 | AB20: =IF(B20,SUM(N20:P20),"")
Y21: =SUM(M21:O21) -> 0
Y22: =SUM(M22:O22) -> 0
Y23: =SUM(M23:O23) -> 0
Y24: =SUM(M24:O24) -> 0
Y25: =SUM(M25:O25) -> 0
Y26: =SUM(M26:O26) -> 0
Y27: =SUM(M27:O27) -> 0
Y28: =SUM(M28:O28) -> 0
Y29: =SUM(M29:O29) -> 0
Y30: =SUM(M30:O30) -> 0
Y31: =SUM(M31:O31) -> 0
Y32: =SUM(M32:O32) -> 0
Y33: =SUM(M33:O33) -> 0

Sheet 1165
A1: 1165
A2: Scouter Initials | B2: Match Number | C2: Robot | D2: Team Number | E2: Starting Position | F2: No Show | G2: Preload | H2: Moved? | I2: Shoot | J2: Climbing | K2: PickUp Ground | L2: PickUP Human Player | M2: PickUp Depot | N2: +1 | O2: +3 | P2: +5 | Q2: Amount in Hub | R2: Defence/ to other side | S2: End Position | T2: Died? | U2: Tipped/Fell Over? | V2: Comments | W2: driver skill
A3: {=_xlfn._xlws.FILTER(Tabel1[], Tabel1[Team Number]=A1, "Geen resultaten")} -> Nick | B3: 5 | C3: R3 | D3: 1165 | E3: D | F3: false | G3: true | H3: false | I3: false | J3: NA | K3: true | L3: false | M3: false | N3: 0 | O3: 0 | P3: 0 | Q3: 100 | R3: false | S3: NA | T3: true | U3: false | V3: Only brought back balls pushing them | W3: 3 | Y3: =SUM($N$3:$P$3) -> 0 | AB3: =IF(B3,SUM(N3:P3),"") -> 0
A4: Anita Karki | B4: 13 | C4: B1 | D4: 1165 | E4: D | F4: false | G4: false | H4: false | I4: false | J4: NA | K4: false | L4: false | M4: false | N4: 0 | O4: 0 | P4: 0 | Q4: 1 | R4: false | S4: NA | T4: false | U4: false | V4: deden dansjes en defence in eigen zone | W4: 2 | Y4: =SUM($N$4:$P$4) -> 0 | AB4: =IF(B4,SUM(N4:P4),"") -> 0
A5: BW | B5: 19 | C5: R1 | D5: 1165 | E5: H | F5: false | G5: true | H5: false | I5: false | J5: NA | K5: false | L5: false | M5: false | N5: 0 | O5: 3 | P5: 0 | Q5: 100 | R5: true | S5: NA | T5: false | U5: false | V5: Defended and pushed fuel to the other side. | W5: 4 | Y5: =SUM($N$5:$P$5) -> 3 | AB5: =IF(B5,SUM(N5:P5),"") -> 3
A6: AA | B6: 42 | C6: R2 | D6: 1165 | E6: H | F6: false | G6: true | H6: false | I6: false | J6: NA | K6: true | L6: false | M6: false | N6: 0 | O6: 3 | P6: 0 | Q6: 1 | R6: false | S6: NA | T6: false | U6: false | V6: Could»ve done better if not stuck for a time but it had time to do stuff an was slow about it | W6: 1 | Y6: =SUM($N$6:$P$6) -> 3 | AB6: =IF(B6,SUM(N6:P6),"") -> 3
A7: LeoV | B7: 55 | C7: B2 | D7: 1165 | E7: H | F7: false | G7: false | H7: false | I7: false | J7: NA | K7: false | L7: false | M7: false | N7: 0 | O7: 0 | P7: 0 | Q7: 1 | R7: true | S7: NA | T7: false | U7: false | V7: 0 | W7: 3 | Y7: =SUM($N$7:$P$7) -> 0 | AB7: =IF(B7,SUM(N7:P7),"") -> 0
Y8: =SUM($N$8:$P$8) -> 0 | AB8: =IF(B8,SUM(N8:P8),"")
Y9: =SUM($N$9:$P$9) -> 0 | AB9: =IF(B9,SUM(N9:P9),"")
Y10: =SUM($N$10:$P$10) -> 0 | AB10: =IF(B10,SUM(N10:P10),"")
Y11: =SUM($N$11:$P$11) -> 0 | AB11: =IF(B11,SUM(N11:P11),"")
Y12: =SUM($N$12:$P$12) -> 0 | AB12: =IF(B12,SUM(N12:P12),"")
Y13: =SUM($N$13:$P$13) -> 0 | AB13: =IF(B13,SUM(N13:P13),"")
Y14: =SUM($N$14:$P$14) -> 0 | AB14: =IF(B14,SUM(N14:P14),"")
Y15: =SUM($N$15:$P$15) -> 0 | AB15: =IF(B15,SUM(N15:P15),"")
Y16: =SUM($N$16:$P$16) -> 0 | AB16: =IF(B16,SUM(N16:P16),"")
Y17: =SUM($N$17:$P$17) -> 0 | AB17: =IF(B17,SUM(N17:P17),"")
Y18: =SUM($N$18:$P$18) -> 0 | AB18: =IF(B18,SUM(N18:P18),"")
Y19: =SUM($N$19:$P$19) -> 0 | AB19: =IF(B19,SUM(N19:P19),"")
Y20: =SUM($N$20:$P$20) -> 0 | AB20: =IF(B20,SUM(N20:P20),"")
Y21: =SUM(M21:O21) -> 0
Y22: =SUM(M22:O22) -> 0
Y23: =SUM(M23:O23) -> 0
Y24: =SUM(M24:O24) -> 0
Y25: =SUM(M25:O25) -> 0
Y26: =SUM(M26:O26) -> 0
Y27: =SUM(M27:O27) -> 0
Y28: =SUM(M28:O28) -> 0
Y29: =SUM(M29:O29) -> 0
Y30: =SUM(M30:O30) -> 0
Y31: =SUM(M31:O31) -> 0
Y32: =SUM(M32:O32) -> 0
Y33: =SUM(M33:O33) -> 0

Sheet 1212
A1: 1212
A2: Scouter Initials | B2: Match Number | C2: Robot | D2: Team Number | E2: Starting Position | F2: No Show | G2: Preload | H2: Moved? | I2: Shoot | J2: Climbing | K2: PickUp Ground | L2: PickUP Human Player | M2: PickUp Depot | N2: +1 | O2: +3 | P2: +5 | Q2: Amount in Hub | R2: Defence/ to other side | S2: End Position | T2: Died? | U2: Tipped/Fell Over? | V2: Comments | W2: driver skill
A3: {=_xlfn._xlws.FILTER(Tabel1[], Tabel1[Team Number]=A1, "Geen resultaten")} -> JV | B3: 22 | C3: R3 | D3: 1212 | E3: H | F3: false | G3: true | H3: true | I3: false | J3: NA | K3: true | L3: false | M3: false | N3: 3 | O3: 0 | P3: 0 | Q3: 14 | R3: false | S3: NA | T3: false | U3: false | V3: Focused on shooting mostly and can collect a large quantity of balls. | W3: 3 | Y3: =SUM($N$3:$P$3) -> 3 | AB3: =IF(B3,SUM(N3:P3),"") -> 3
A4: Joep | B4: 38 | C4: B3 | D4: 1212 | E4: H | F4: false | G4: true | H4: false | I4: true | J4: 0 | K4: true | L4: false | M4: false | N4: 0 | O4: 0 | P4: 15 | Q4: 25 | R4: false | S4: NA | T4: false | U4: false | V4: 0 | W4: 3 | Y4: =SUM($N$4:$P$4) -> 15 | AB4: =IF(B4,SUM(N4:P4),"") -> 15
A5: LeoV | B5: 53 | C5: B2 | D5: 1212 | E5: H | F5: false | G5: true | H5: false | I5: false | J5: NA | K5: true | L5: false | M5: false | N5: 0 | O5: 0 | P5: 20 | Q5: 57 | R5: false | S5: NA | T5: false | U5: true | V5: Faulty intake slow start | W5: 3 | Y5: =SUM($N$5:$P$5) -> 20 | AB5: =IF(B5,SUM(N5:P5),"") -> 20
Y6: =SUM($N$6:$P$6) -> 0 | AB6: =IF(B6,SUM(N6:P6),"")
Y7: =SUM($N$7:$P$7) -> 0 | AB7: =IF(B7,SUM(N7:P7),"")
Y8: =SUM($N$8:$P$8) -> 0 | AB8: =IF(B8,SUM(N8:P8),"")
Y9: =SUM($N$9:$P$9) -> 0 | AB9: =IF(B9,SUM(N9:P9),"")
Y10: =SUM($N$10:$P$10) -> 0 | AB10: =IF(B10,SUM(N10:P10),"")
Y11: =SUM($N$11:$P$11) -> 0 | AB11: =IF(B11,SUM(N11:P11),"")
Y12: =SUM($N$12:$P$12) -> 0 | AB12: =IF(B12,SUM(N12:P12),"")
Y13: =SUM($N$13:$P$13) -> 0 | AB13: =IF(B13,SUM(N13:P13),"")
Y14: =SUM($N$14:$P$14) -> 0 | AB14: =IF(B14,SUM(N14:P14),"")
Y15: =SUM($N$15:$P$15) -> 0 | AB15: =IF(B15,SUM(N15:P15),"")
Y16: =SUM($N$16:$P$16) -> 0 | AB16: =IF(B16,SUM(N16:P16),"")
Y17: =SUM($N$17:$P$17) -> 0 | AB17: =IF(B17,SUM(N17:P17),"")
Y18: =SUM($N$18:$P$18) -> 0 | AB18: =IF(B18,SUM(N18:P18),"")
Y19: =SUM($N$19:$P$19) -> 0 | AB19: =IF(B19,SUM(N19:P19),"")
Y20: =SUM($N$20:$P$20) -> 0 | AB20: =IF(B20,SUM(N20:P20),"")
Y21: =SUM(M21:O21) -> 0
Y22: =SUM(M22:O22) -> 0
Y23: =SUM(M23:O23) -> 0
Y24: =SUM(M24:O24) -> 0
Y25: =SUM(M25:O25) -> 0
Y26: =SUM(M26:O26) -> 0
Y27: =SUM(M27:O27) -> 0
Y28: =SUM(M28:O28) -> 0
Y29: =SUM(M29:O29) -> 0
Y30: =SUM(M30:O30) -> 0
Y31: =SUM(M31:O31) -> 0
Y32: =SUM(M32:O32) -> 0
Y33: =SUM(M33:O33) -> 0

Sheet 1410
A1: 1410
A2: Scouter Initials | B2: Match Number | C2: Robot | D2: Team Number | E2: Starting Position | F2: No Show | G2: Preload | H2: Moved? | I2: Shoot | J2: Climbing | K2: PickUp Ground | L2: PickUP Human Player | M2: PickUp Depot | N2: +1 | O2: +3 | P2: +5 | Q2: Amount in Hub | R2: Defence/ to other side | S2: End Position | T2: Died? | U2: Tipped/Fell Over? | V2: Comments | W2: driver skill
A3: {=_xlfn._xlws.FILTER(Tabel1[], Tabel1[Team Number]=A1, "Geen resultaten")} -> Maud | B3: 9 | C3: B3 | D3: 1410 | E3: D | F3: false | G3: true | H3: true | I3: true | J3: NA | K3: false | L3: false | M3: false | N3: 0 | O3: 0 | P3: 0 | Q3: 100 | R3: true | S3: NA | T3: false | U3: false | V3: Balls to Outpost pushing | W3: 5 | Y3: =SUM($N$3:$P$3) -> 0 | AB3: =IF(B3,SUM(N3:P3),"") -> 0
A4: LeoV | B4: 24 | C4: B1 | D4: 1410 | E4: H | F4: false | G4: true | H4: false | I4: true | J4: NA | K4: true | L4: false | M4: true | N4: 0 | O4: 3 | P4: 30 | Q4: 81 | R4: false | S4: NA | T4: false | U4: false | V4: Filled up the outpost | W4: 4 | Y4: =SUM($N$4:$P$4) -> 33 | AB4: =IF(B4,SUM(N4:P4),"") -> 33
A5: JV | B5: 32 | C5: R3 | D5: 1410 | E5: H | F5: false | G5: true | H5: false | I5: false | J5: NA | K5: true | L5: false | M5: false | N5: 4 | O5: 0 | P5: 0 | Q5: 41 | R5: false | S5: NA | T5: false | U5: false | V5: Mostly fed balls to team but did an amazing job at it. | W5: 5 | Y5: =SUM($N$5:$P$5) -> 4 | AB5: =IF(B5,SUM(N5:P5),"") -> 4
A6: GD | B6: 41 | C6: R1 | D6: 1410 | E6: D | F6: false | G6: true | H6: true | I6: false | J6: No attempt | K6: false | L6: false | M6: false | N6: 0 | O6: 0 | P6: 0 | Q6: 100 | R6: false | S6: NA | T6: false | U6: false | V6: 0 | W6: 4 | Y6: =SUM($N$6:$P$6) -> 0 | AB6: =IF(B6,SUM(N6:P6),"") -> 0
A7: AA | B7: 54 | C7: R2 | D7: 1410 | E7: H | F7: false | G7: false | H7: false | I7: false | J7: NA | K7: false | L7: false | M7: false | N7: 0 | O7: 0 | P7: 0 | Q7: 100 | R7: false | S7: NA | T7: false | U7: false | V7: Can»t pick up so was really good at supporting bots an humans and defending | W7: 5 | Y7: =SUM($N$7:$P$7) -> 0 | AB7: =IF(B7,SUM(N7:P7),"") -> 0
A8: BW | B8: 64 | C8: R1 | D8: 1410 | E8: O | F8: false | G8: true | H8: true | I8: true | J8: NA | K8: false | L8: false | M8: false | N8: 0 | O8: 3 | P8: 5 | Q8: 70 | R8: true | S8: NA | T8: false | U8: false | V8: 0 | W8: 3 | Y8: =SUM($N$8:$P$8) -> 8 | AB8: =IF(B8,SUM(N8:P8),"") -> 8
A9: AA | B9: 72 | C9: R2 | D9: 1410 | E9: H | F9: false | G9: true | H9: true | I9: true | J9: NA | K9: true | L9: false | M9: false | N9: 0 | O9: 0 | P9: 0 | Q9: 100 | R9: true | S9: NA | T9: false | U9: false | V9: Great support to both human and bot, good defense and really speedy | W9: 5 | Y9: =SUM($N$9:$P$9) -> 0 | AB9: =IF(B9,SUM(N9:P9),"") -> 0
Y10: =SUM($N$10:$P$10) -> 0 | AB10: =IF(B10,SUM(N10:P10),"")
Y11: =SUM($N$11:$P$11) -> 0 | AB11: =IF(B11,SUM(N11:P11),"")
Y12: =SUM($N$12:$P$12) -> 0 | AB12: =IF(B12,SUM(N12:P12),"")
Y13: =SUM($N$13:$P$13) -> 0 | AB13: =IF(B13,SUM(N13:P13),"")
Y14: =SUM($N$14:$P$14) -> 0 | AB14: =IF(B14,SUM(N14:P14),"")
Y15: =SUM($N$15:$P$15) -> 0 | AB15: =IF(B15,SUM(N15:P15),"")
Y16: =SUM($N$16:$P$16) -> 0 | AB16: =IF(B16,SUM(N16:P16),"")
Y17: =SUM($N$17:$P$17) -> 0 | AB17: =IF(B17,SUM(N17:P17),"")
Y18: =SUM($N$18:$P$18) -> 0 | AB18: =IF(B18,SUM(N18:P18),"")
Y19: =SUM($N$19:$P$19) -> 0 | AB19: =IF(B19,SUM(N19:P19),"")
Y20: =SUM($N$20:$P$20) -> 0 | AB20: =IF(B20,SUM(N20:P20),"")
Y21: =SUM(M21:O21) -> 0
Y22: =SUM(M22:O22) -> 0
Y23: =SUM(M23:O23) -> 0
Y24: =SUM(M24:O24) -> 0
Y25: =SUM(M25:O25) -> 0
Y26: =SUM(M26:O26) -> 0
Y27: =SUM(M27:O27) -> 0
Y28: =SUM(M28:O28) -> 0
Y29: =SUM(M29:O29) -> 0
Y30: =SUM(M30:O30) -> 0
Y31: =SUM(M31:O31) -> 0
Y32: =SUM(M32:O32) -> 0
Y33: =SUM(M33:O33) -> 0

Sheet 1828
A1: 1828
A2: Scouter Initials | B2: Match Number | C2: Robot | D2: Team Number | E2: Starting Position | F2: No Show | G2: Preload | H2: Moved? | I2: Shoot | J2: Climbing | K2: PickUp Ground | L2: PickUP Human Player | M2: PickUp Depot | N2: +1 | O2: +3 | P2: +5 | Q2: Amount in Hub | R2: Defence/ to other side | S2: End Position | T2: Died? | U2: Tipped/Fell Over? | V2: Comments | W2: driver skill
A3: {=_xlfn._xlws.FILTER(Tabel1[], Tabel1[Team Number]=A1, "Geen resultaten")} -> Joep | B3: 26 | C3: B2 | D3: 1828 | E3: D | F3: false | G3: true | H3: false | I3: true | J3: NA | K3: true | L3: false | M3: false | N3: 2 | O3: 0 | P3: 10 | Q3: 40 | R3: false | S3: NA | T3: false | U3: false | V3: Stuck on bump at the end | W3: 2 | Y3: =SUM($N$3:$P$3) -> 12 | AB3: =IF(B3,SUM(N3:P3),"") -> 12
A4: AA | B4: 33 | C4: R2 | D4: 1828 | E4: H | F4: false | G4: true | H4: false | I4: false | J4: NA | K4: true | L4: false | M4: false | N4: 0 | O4: 0 | P4: 0 | Q4: 100 | R4: false | S4: NA | T4: false | U4: false | V4: Didn»t do anything other than drive | W4: 1 | Y4: =SUM($N$4:$P$4) -> 0 | AB4: =IF(B4,SUM(N4:P4),"") -> 0
A5: Yannis | B5: 42 | C5: B2 | D5: 1828 | E5: O | F5: false | G5: true | H5: false | I5: true | J5: 0 | K5: true | L5: false | M5: false | N5: 0 | O5: 0 | P5: 20 | Q5: 33 | R5: false | S5: NA | T5: true | U5: false | V5: 0 | W5: 2 | Y5: =SUM($N$5:$P$5) -> 20 | AB5: =IF(B5,SUM(N5:P5),"") -> 20
A6: Yannis | B6: 50 | C6: B1 | D6: 1828 | E6: H | F6: false | G6: false | H6: false | I6: false | J6: NA | K6: false | L6: false | M6: false | N6: 0 | O6: 0 | P6: 0 | Q6: 100 | R6: true | S6: NA | T6: true | U6: false | V6: Intake doesn't work, pushed balls to own field. Didn't do anything during endgame | W6: 3 | Y6: =SUM($N$6:$P$6) -> 0 | AB6: =IF(B6,SUM(N6:P6),"") -> 0
A7: Maud | B7: 67 | C7: R1 | D7: 1828 | E7: D | F7: false | G7: true | H7: false | I7: true | J7: NA | K7: true | L7: false | M7: false | N7: 0 | O7: 18 | P7: 30 | Q7: 74 | R7: false | S7: NA | T7: false | U7: false | V7: Took long time for intake | W7: 3 | Y7: =SUM($N$7:$P$7) -> 48 | AB7: =IF(B7,SUM(N7:P7),"") -> 48
A8: JV | B8: 76 | C8: R3 | D8: 1828 | E8: H | F8: false | G8: true | H8: true | I8: true | J8: NA | K8: true | L8: false | M8: false | N8: 48 | O8: 0 | P8: 0 | Q8: 81 | R8: false | S8: NA | T8: false | U8: false | V8: Focused on basic offense | W8: 4 | Y8: =SUM($N$8:$P$8) -> 48 | AB8: =IF(B8,SUM(N8:P8),"") -> 48
Y9: =SUM($N$9:$P$9) -> 0 | AB9: =IF(B9,SUM(N9:P9),"")
Y10: =SUM($N$10:$P$10) -> 0 | AB10: =IF(B10,SUM(N10:P10),"")
Y11: =SUM($N$11:$P$11) -> 0 | AB11: =IF(B11,SUM(N11:P11),"")
Y12: =SUM($N$12:$P$12) -> 0 | AB12: =IF(B12,SUM(N12:P12),"")
Y13: =SUM($N$13:$P$13) -> 0 | AB13: =IF(B13,SUM(N13:P13),"")
Y14: =SUM($N$14:$P$14) -> 0 | AB14: =IF(B14,SUM(N14:P14),"")
Y15: =SUM($N$15:$P$15) -> 0 | AB15: =IF(B15,SUM(N15:P15),"")
Y16: =SUM($N$16:$P$16) -> 0 | AB16: =IF(B16,SUM(N16:P16),"")
Y17: =SUM($N$17:$P$17) -> 0 | AB17: =IF(B17,SUM(N17:P17),"")
Y18: =SUM($N$18:$P$18) -> 0 | AB18: =IF(B18,SUM(N18:P18),"")
Y19: =SUM($N$19:$P$19) -> 0 | AB19: =IF(B19,SUM(N19:P19),"")
Y20: =SUM($N$20:$P$20) -> 0 | AB20: =IF(B20,SUM(N20:P20),"")
Y21: =SUM(M21:O21) -> 0
Y22: =SUM(M22:O22) -> 0
Y23: =SUM(M23:O23) -> 0
Y24: =SUM(M24:O24) -> 0
Y25: =SUM(M25:O25) -> 0
Y26: =SUM(M26:O26) -> 0
Y27: =SUM(M27:O27) -> 0
Y28: =SUM(M28:O28) -> 0
Y29: =SUM(M29:O29) -> 0
Y30: =SUM(M30:O30) -> 0
Y31: =SUM(M31:O31) -> 0
Y32: =SUM(M32:O32) -> 0
Y33: =SUM(M33:O33) -> 0

Sheet 2080
A1: 2080
A2: Scouter Initials | B2: Match Number | C2: Robot | D2: Team Number | E2: Starting Position | F2: No Show | G2: Preload | H2: Moved? | I2: Shoot | J2: Climbing | K2: PickUp Ground | L2: PickUP Human Player | M2: PickUp Depot | N2: +1 | O2: +3 | P2: +5 | Q2: Amount in Hub | R2: Defence/ to other side | S2: End Position | T2: Died? | U2: Tipped/Fell Over? | V2: Comments | W2: driver skill
A3: {=_xlfn._xlws.FILTER(Tabel1[], Tabel1[Team Number]=A1, "Geen resultaten")} -> Jippe | B3: 14 | C3: B2 | D3: 2080 | E3: O | F3: false | G3: true | H3: false | I3: false | J3: No attempt | K3: true | L3: false | M3: false | N3: 0 | O3: 0 | P3: 0 | Q3: 100 | R3: false | S3: NA | T3: true | U3: false | V3: 0 | W3: 5 | Y3: =SUM($N$3:$P$3) -> 0 | AB3: =IF(B3,SUM(N3:P3),"") -> 0
A4: AA | B4: 23 | C4: R2 | D4: 2080 | E4: H | F4: false | G4: true | H4: false | I4: false | J4: NA | K4: true | L4: false | M4: false | N4: 6 | O4: 0 | P4: 15 | Q4: 32 | R4: false | S4: NA | T4: false | U4: false | V4: Slow in all aspects | W4: 0 | Y4: =SUM($N$4:$P$4) -> 21 | AB4: =IF(B4,SUM(N4:P4),"") -> 21
A5: GD | B5: 34 | C5: R1 | D5: 2080 | E5: D | F5: false | G5: true | H5: false | I5: false | J5: NA | K5: true | L5: false | M5: false | N5: 1 | O5: 0 | P5: 0 | Q5: 100 | R5: false | S5: NA | T5: false | U5: false | V5: Caused multiple collisions | W5: 1 | Y5: =SUM($N$5:$P$5) -> 1 | AB5: =IF(B5,SUM(N5:P5),"") -> 1
A6: AA | B6: 46 | C6: R2 | D6: 2080 | E6: H | F6: false | G6: true | H6: false | I6: false | J6: NA | K6: true | L6: false | M6: false | N6: 0 | O6: 0 | P6: 5 | Q6: 100 | R6: false | S6: NA | T6: false | U6: false | V6: Couldn»t pick up so did great defense and decent support, just could»ve been faster and more active | W6: 4 | Y6: =SUM($N$6:$P$6) -> 5 | AB6: =IF(B6,SUM(N6:P6),"") -> 5
A7: JV | B7: 54 | C7: R3 | D7: 2080 | E7: H | F7: false | G7: true | H7: false | I7: false | J7: NA | K7: true | L7: false | M7: false | N7: 3 | O7: 0 | P7: 0 | Q7: 100 | R7: true | S7: A | T7: false | U7: false | V7: Not very well job of ball fedding | W7: 3 | Y7: =SUM($N$7:$P$7) -> 3 | AB7: =IF(B7,SUM(N7:P7),"") -> 3
A8: Anita Karki | B8: 73 | C8: B1 | D8: 2080 | E8: O | F8: false | G8: true | H8: false | I8: false | J8: NA | K8: false | L8: false | M8: false | N8: 0 | O8: 0 | P8: 0 | Q8: 1 | R8: true | S8: No Attempt | T8: false | U8: false | V8: didn't do much | W8: 2 | Y8: =SUM($N$8:$P$8) -> 0 | AB8: =IF(B8,SUM(N8:P8),"") -> 0
Y9: =SUM($N$9:$P$9) -> 0 | AB9: =IF(B9,SUM(N9:P9),"")
Y10: =SUM($N$10:$P$10) -> 0 | AB10: =IF(B10,SUM(N10:P10),"")
Y11: =SUM($N$11:$P$11) -> 0 | AB11: =IF(B11,SUM(N11:P11),"")
Y12: =SUM($N$12:$P$12) -> 0 | AB12: =IF(B12,SUM(N12:P12),"")
Y13: =SUM($N$13:$P$13) -> 0 | AB13: =IF(B13,SUM(N13:P13),"")
Y14: =SUM($N$14:$P$14) -> 0 | AB14: =IF(B14,SUM(N14:P14),"")
Y15: =SUM($N$15:$P$15) -> 0 | AB15: =IF(B15,SUM(N15:P15),"")
Y16: =SUM($N$16:$P$16) -> 0 | AB16: =IF(B16,SUM(N16:P16),"")
Y17: =SUM($N$17:$P$17) -> 0 | AB17: =IF(B17,SUM(N17:P17),"")
Y18: =SUM($N$18:$P$18) -> 0 | AB18: =IF(B18,SUM(N18:P18),"")
Y19: =SUM($N$19:$P$19) -> 0 | AB19: =IF(B19,SUM(N19:P19),"")
Y20: =SUM($N$20:$P$20) -> 0 | AB20: =IF(B20,SUM(N20:P20),"")
Y21: =SUM(M21:O21) -> 0
Y22: =SUM(M22:O22) -> 0
Y23: =SUM(M23:O23) -> 0
Y24: =SUM(M24:O24) -> 0
Y25: =SUM(M25:O25) -> 0
Y26: =SUM(M26:O26) -> 0
Y27: =SUM(M27:O27) -> 0
Y28: =SUM(M28:O28) -> 0
Y29: =SUM(M29:O29) -> 0
Y30: =SUM(M30:O30) -> 0
Y31: =SUM(M31:O31) -> 0
Y32: =SUM(M32:O32) -> 0
Y33: =SUM(M33:O33) -> 0

Sheet 2122
A1: 2122
A2: Scouter Initials | B2: Match Number | C2: Robot | D2: Team Number | E2: Starting Position | F2: No Show | G2: Preload | H2: Moved? | I2: Shoot | J2: Climbing | K2: PickUp Ground | L2: PickUP Human Player | M2: PickUp Depot | N2: +1 | O2: +3 | P2: +5 | Q2: Amount in Hub | R2: Defence/ to other side | S2: End Position | T2: Died? | U2: Tipped/Fell Over? | V2: Comments | W2: driver skill
A3: {=_xlfn._xlws.FILTER(Tabel1[], Tabel1[Team Number]=A1, "Geen resultaten")} -> Anita Karki | B3: 36 | C3: B1 | D3: 2122 | E3: O | F3: false | G3: true | H3: true | I3: false | J3: NA | K3: false | L3: false | M3: false | N3: 0 | O3: 0 | P3: 250 | Q3: 94 | R3: false | S3: NA | T3: false | U3: false | V3: vaak schieten ze raak af en toe niet is niet bij te houden | W3: 5 | Y3: =SUM($N$3:$P$3) -> 250 | AB3: =IF(B3,SUM(N3:P3),"") -> 250
A4: JV | B4: 45 | C4: R3 | D4: 2122 | E4: H | F4: false | G4: true | H4: true | I4: true | J4: NA | K4: false | L4: false | M4: false | N4: 213 | O4: 0 | P4: 0 | Q4: 92 | R4: false | S4: NA | T4: false | U4: false | V4: Absolute flawless offense | W4: 5 | Y4: =SUM($N$4:$P$4) -> 213 | AB4: =IF(B4,SUM(N4:P4),"") -> 213
A5: GD | B5: 55 | C5: R1 | D5: 2122 | E5: H | F5: false | G5: true | H5: true | I5: true | J5: NA | K5: false | L5: false | M5: false | N5: 64 | O5: 0 | P5: 90 | Q5: 92 | R5: true | S5: NA | T5: false | U5: false | V5: 0 | W5: 4 | Y5: =SUM($N$5:$P$5) -> 154 | AB5: =IF(B5,SUM(N5:P5),"") -> 154
A6: BW | B6: 68 | C6: R1 | D6: 2122 | E6: D | F6: false | G6: true | H6: true | I6: true | J6: NA | K6: true | L6: false | M6: false | N6: 0 | O6: 0 | P6: 290 | Q6: 90 | R6: false | S6: NA | T6: false | U6: false | V6: 0 | W6: 5 | Y6: =SUM($N$6:$P$6) -> 290 | AB6: =IF(B6,SUM(N6:P6),"") -> 290
A7: Anita Karki | B7: 75 | C7: B2 | D7: 2122 | E7: O | F7: false | G7: true | H7: true | I7: true | J7: NA | K7: true | L7: false | M7: false | N7: 0 | O7: 0 | P7: 200 | Q7: 95 | R7: false | S7: NA | T7: false | U7: false | V7: 0 | W7: 5 | Y7: =SUM($N$7:$P$7) -> 200 | AB7: =IF(B7,SUM(N7:P7),"") -> 200
Y8: =SUM($N$8:$P$8) -> 0 | AB8: =IF(B8,SUM(N8:P8),"")
Y9: =SUM($N$9:$P$9) -> 0 | AB9: =IF(B9,SUM(N9:P9),"")
Y10: =SUM($N$10:$P$10) -> 0 | AB10: =IF(B10,SUM(N10:P10),"")
Y11: =SUM($N$11:$P$11) -> 0 | AB11: =IF(B11,SUM(N11:P11),"")
Y12: =SUM($N$12:$P$12) -> 0 | AB12: =IF(B12,SUM(N12:P12),"")
Y13: =SUM($N$13:$P$13) -> 0 | AB13: =IF(B13,SUM(N13:P13),"")
Y14: =SUM($N$14:$P$14) -> 0 | AB14: =IF(B14,SUM(N14:P14),"")
Y15: =SUM($N$15:$P$15) -> 0 | AB15: =IF(B15,SUM(N15:P15),"")
Y16: =SUM($N$16:$P$16) -> 0 | AB16: =IF(B16,SUM(N16:P16),"")
Y17: =SUM($N$17:$P$17) -> 0 | AB17: =IF(B17,SUM(N17:P17),"")
Y18: =SUM($N$18:$P$18) -> 0 | AB18: =IF(B18,SUM(N18:P18),"")
Y19: =SUM($N$19:$P$19) -> 0 | AB19: =IF(B19,SUM(N19:P19),"")
Y20: =SUM($N$20:$P$20) -> 0 | AB20: =IF(B20,SUM(N20:P20),"")
Y21: =SUM(M21:O21) -> 0
Y22: =SUM(M22:O22) -> 0
Y23: =SUM(M23:O23) -> 0
Y24: =SUM(M24:O24) -> 0
Y25: =SUM(M25:O25) -> 0
Y26: =SUM(M26:O26) -> 0
Y27: =SUM(M27:O27) -> 0
Y28: =SUM(M28:O28) -> 0
Y29: =SUM(M29:O29) -> 0
Y30: =SUM(M30:O30) -> 0
Y31: =SUM(M31:O31) -> 0
Y32: =SUM(M32:O32) -> 0
Y33: =SUM(M33:O33) -> 0

Sheet 2403
A1: 2403
A2: Scouter Initials | B2: Match Number | C2: Robot | D2: Team Number | E2: Starting Position | F2: No Show | G2: Preload | H2: Moved? | I2: Shoot | J2: Climbing | K2: PickUp Ground | L2: PickUP Human Player | M2: PickUp Depot | N2: +1 | O2: +3 | P2: +5 | Q2: Amount in Hub | R2: Defence/ to other side | S2: End Position | T2: Died? | U2: Tipped/Fell Over? | V2: Comments | W2: driver skill
A3: {=_xlfn._xlws.FILTER(Tabel1[], Tabel1[Team Number]=A1, "Geen resultaten")} -> Jippe | B3: 1 | C3: B2 | D3: 2403 | E3: D | F3: false | G3: true | H3: false | I3: false | J3: NA | K3: true | L3: false | M3: false | N3: 2 | O3: 6 | P3: 30 | Q3: 52 | R3: false | S3: NA | T3: false | U3: false | V3: A lot of shots go to far | W3: 4 | Y3: =SUM($N$3:$P$3) -> 38 | AB3: =IF(B3,SUM(N3:P3),"") -> 38
A4: BW | B4: 22 | C4: R1 | D4: 2403 | E4: O | F4: false | G4: true | H4: false | I4: false | J4: NA | K4: true | L4: true | M4: false | N4: 3 | O4: 0 | P4: 15 | Q4: 100 | R4: false | S4: NA | T4: false | U4: false | V4: Supported human players | W4: 4 | Y4: =SUM($N$4:$P$4) -> 18 | AB4: =IF(B4,SUM(N4:P4),"") -> 18
A5: JV | B5: 39 | C5: R3 | D5: 2403 | E5: H | F5: false | G5: true | H5: false | I5: false | J5: NA | K5: true | L5: false | M5: false | N5: 50 | O5: 0 | P5: 0 | Q5: 100 | R5: false | S5: NA | T5: false | U5: false | V5: Mainly focused on shooting and stayed on their side for the most part. | W5: 5 | Y5: =SUM($N$5:$P$5) -> 50 | AB5: =IF(B5,SUM(N5:P5),"") -> 50
A6: Nick | B6: 67 | C6: B2 | D6: 2403 | E6: O | F6: false | G6: true | H6: false | I6: true | J6: NA | K6: true | L6: false | M6: false | N6: 2 | O6: 33 | P6: 60 | Q6: 69 | R6: false | S6: NA | T6: false | U6: false | V6: Lots of feeding by pushing balls | W6: 4 | Y6: =SUM($N$6:$P$6) -> 95 | AB6: =IF(B6,SUM(N6:P6),"") -> 95
A7: Jippe | B7: 74 | C7: R2 | D7: 2403 | E7: O | F7: false | G7: false | H7: false | I7: true | J7: No attempt | K7: true | L7: false | M7: false | N7: 2 | O7: 12 | P7: 10 | Q7: 81 | R7: false | S7: NA | T7: false | U7: false | V7: 0 | W7: 5 | Y7: =SUM($N$7:$P$7) -> 24 | AB7: =IF(B7,SUM(N7:P7),"") -> 24
Y8: =SUM($N$8:$P$8) -> 0 | AB8: =IF(B8,SUM(N8:P8),"")
Y9: =SUM($N$9:$P$9) -> 0 | AB9: =IF(B9,SUM(N9:P9),"")
Y10: =SUM($N$10:$P$10) -> 0 | AB10: =IF(B10,SUM(N10:P10),"")
Y11: =SUM($N$11:$P$11) -> 0 | AB11: =IF(B11,SUM(N11:P11),"")
Y12: =SUM($N$12:$P$12) -> 0 | AB12: =IF(B12,SUM(N12:P12),"")
Y13: =SUM($N$13:$P$13) -> 0 | AB13: =IF(B13,SUM(N13:P13),"")
Y14: =SUM($N$14:$P$14) -> 0 | AB14: =IF(B14,SUM(N14:P14),"")
Y15: =SUM($N$15:$P$15) -> 0 | AB15: =IF(B15,SUM(N15:P15),"")
Y16: =SUM($N$16:$P$16) -> 0 | AB16: =IF(B16,SUM(N16:P16),"")
Y17: =SUM($N$17:$P$17) -> 0 | AB17: =IF(B17,SUM(N17:P17),"")
Y18: =SUM($N$18:$P$18) -> 0 | AB18: =IF(B18,SUM(N18:P18),"")
Y19: =SUM($N$19:$P$19) -> 0 | AB19: =IF(B19,SUM(N19:P19),"")
Y20: =SUM($N$20:$P$20) -> 0 | AB20: =IF(B20,SUM(N20:P20),"")
Y21: =SUM(M21:O21) -> 0
Y22: =SUM(M22:O22) -> 0
Y23: =SUM(M23:O23) -> 0
Y24: =SUM(M24:O24) -> 0
Y25: =SUM(M25:O25) -> 0
Y26: =SUM(M26:O26) -> 0
Y27: =SUM(M27:O27) -> 0
Y28: =SUM(M28:O28) -> 0
Y29: =SUM(M29:O29) -> 0
Y30: =SUM(M30:O30) -> 0
Y31: =SUM(M31:O31) -> 0
Y32: =SUM(M32:O32) -> 0
Y33: =SUM(M33:O33) -> 0

Sheet 2478
A1: 2478
A2: Scouter Initials | B2: Match Number | C2: Robot | D2: Team Number | E2: Starting Position | F2: No Show | G2: Preload | H2: Moved? | I2: Shoot | J2: Climbing | K2: PickUp Ground | L2: PickUP Human Player | M2: PickUp Depot | N2: +1 | O2: +3 | P2: +5 | Q2: Amount in Hub | R2: Defence/ to other side | S2: End Position | T2: Died? | U2: Tipped/Fell Over? | V2: Comments | W2: driver skill
A3: {=_xlfn._xlws.FILTER(Tabel1[], Tabel1[Team Number]=A1, "Geen resultaten")} -> Jippe | B3: 2 | C3: R2 | D3: 2478 | E3: D | F3: false | G3: true | H3: true | I3: false | J3: NA | K3: true | L3: false | M3: false | N3: 0 | O3: 0 | P3: 0 | Q3: 100 | R3: false | S3: A | T3: true | U3: false | V3: Died right after auto | W3: 5 | Y3: =SUM($N$3:$P$3) -> 0 | AB3: =IF(B3,SUM(N3:P3),"") -> 0
A4: Jippe | B4: 39 | C4: B1 | D4: 2478 | E4: D | F4: false | G4: true | H4: true | I4: false | J4: No attempt | K4: true | L4: false | M4: false | N4: 3 | O4: 9 | P4: 40 | Q4: 88 | R4: false | S4: NA | T4: false | U4: false | V4: 0 | W4: 4 | Y4: =SUM($N$4:$P$4) -> 52 | AB4: =IF(B4,SUM(N4:P4),"") -> 52
A5: Yannis | B5: 51 | C5: B1 | D5: 2478 | E5: D | F5: false | G5: true | H5: true | I5: false | J5: NA | K5: false | L5: false | M5: false | N5: 0 | O5: 3 | P5: 40 | Q5: 50 | R5: false | S5: NA | T5: false | U5: false | V5: 0 | W5: 2 | Y5: =SUM($N$5:$P$5) -> 43 | AB5: =IF(B5,SUM(N5:P5),"") -> 43
A6: BW | B6: 62 | C6: R1 | D6: 2478 | E6: O | F6: false | G6: true | H6: true | I6: true | J6: NA | K6: true | L6: false | M6: false | N6: 3 | O6: 0 | P6: 5 | Q6: 65 | R6: false | S6: NA | T6: true | U6: false | V6: 0 | W6: 3 | Y6: =SUM($N$6:$P$6) -> 8 | AB6: =IF(B6,SUM(N6:P6),"") -> 8
A7: Maud | B7: 73 | C7: B3 | D7: 2478 | E7: D | F7: false | G7: true | H7: true | I7: false | J7: NA | K7: true | L7: false | M7: false | N7: 6 | O7: 3 | P7: 5 | Q7: 25 | R7: false | S7: NA | T7: false | U7: false | V7: Dit nothing most of the match | W7: 2 | Y7: =SUM($N$7:$P$7) -> 14 | AB7: =IF(B7,SUM(N7:P7),"") -> 14
Y8: =SUM($N$8:$P$8) -> 0 | AB8: =IF(B8,SUM(N8:P8),"")
Y9: =SUM($N$9:$P$9) -> 0 | AB9: =IF(B9,SUM(N9:P9),"")
Y10: =SUM($N$10:$P$10) -> 0 | AB10: =IF(B10,SUM(N10:P10),"")
Y11: =SUM($N$11:$P$11) -> 0 | AB11: =IF(B11,SUM(N11:P11),"")
Y12: =SUM($N$12:$P$12) -> 0 | AB12: =IF(B12,SUM(N12:P12),"")
Y13: =SUM($N$13:$P$13) -> 0 | AB13: =IF(B13,SUM(N13:P13),"")
Y14: =SUM($N$14:$P$14) -> 0 | AB14: =IF(B14,SUM(N14:P14),"")
Y15: =SUM($N$15:$P$15) -> 0 | AB15: =IF(B15,SUM(N15:P15),"")
Y16: =SUM($N$16:$P$16) -> 0 | AB16: =IF(B16,SUM(N16:P16),"")
Y17: =SUM($N$17:$P$17) -> 0 | AB17: =IF(B17,SUM(N17:P17),"")
Y18: =SUM($N$18:$P$18) -> 0 | AB18: =IF(B18,SUM(N18:P18),"")
Y19: =SUM($N$19:$P$19) -> 0 | AB19: =IF(B19,SUM(N19:P19),"")
Y20: =SUM($N$20:$P$20) -> 0 | AB20: =IF(B20,SUM(N20:P20),"")
Y21: =SUM(M21:O21) -> 0
Y22: =SUM(M22:O22) -> 0
Y23: =SUM(M23:O23) -> 0
Y24: =SUM(M24:O24) -> 0
Y25: =SUM(M25:O25) -> 0
Y26: =SUM(M26:O26) -> 0
Y27: =SUM(M27:O27) -> 0
Y28: =SUM(M28:O28) -> 0
Y29: =SUM(M29:O29) -> 0
Y30: =SUM(M30:O30) -> 0
Y31: =SUM(M31:O31) -> 0
Y32: =SUM(M32:O32) -> 0
Y33: =SUM(M33:O33) -> 0

Sheet 2486
A1: 2486
A2: Scouter Initials | B2: Match Number | C2: Robot | D2: Team Number | E2: Starting Position | F2: No Show | G2: Preload | H2: Moved? | I2: Shoot | J2: Climbing | K2: PickUp Ground | L2: PickUP Human Player | M2: PickUp Depot | N2: +1 | O2: +3 | P2: +5 | Q2: Amount in Hub | R2: Defence/ to other side | S2: End Position | T2: Died? | U2: Tipped/Fell Over? | V2: Comments | W2: driver skill
A3: {=_xlfn._xlws.FILTER(Tabel1[], Tabel1[Team Number]=A1, "Geen resultaten")} -> Mil g | B3: 4 | C3: B3 | D3: 2486 | E3: D | F3: false | G3: true | H3: true | I3: true | J3: NA | K3: true | L3: false | M3: false | N3: 0 | O3: 6 | P3: 25 | Q3: 86 | R3: true | S3: NA | T3: false | U3: false | V3: 0 | W3: 4 | Y3: =SUM($N$3:$P$3) -> 31 | AB3: =IF(B3,SUM(N3:P3),"") -> 31
A4: LeoV | B4: 30 | C4: R3 | D4: 2486 | E4: D | F4: false | G4: true | H4: true | I4: true | J4: NA | K4: true | L4: false | M4: false | N4: 0 | O4: 15 | P4: 45 | Q4: 60 | R4: false | S4: NA | T4: false | U4: false | V4: 0 | W4: 4 | Y4: =SUM($N$4:$P$4) -> 60 | AB4: =IF(B4,SUM(N4:P4),"") -> 60
A5: Yannis | B5: 52 | C5: B1 | D5: 2486 | E5: D | F5: false | G5: true | H5: true | I5: true | J5: NA | K5: true | L5: false | M5: false | N5: 0 | O5: 12 | P5: 70 | Q5: 40 | R5: false | S5: NA | T5: false | U5: false | V5: 0 | W5: 4 | Y5: =SUM($N$5:$P$5) -> 82 | AB5: =IF(B5,SUM(N5:P5),"") -> 82
A6: AA | B6: 63 | C6: R2 | D6: 2486 | E6: H | F6: false | G6: true | H6: true | I6: false | J6: NA | K6: true | L6: false | M6: false | N6: 0 | O6: 3 | P6: 35 | Q6: 80 | R6: false | S6: NA | T6: false | U6: false | V6: Mainly stuck to their side of field, did do some support at end. Bad auto good shooter | W6: 3 | Y6: =SUM($N$6:$P$6) -> 38 | AB6: =IF(B6,SUM(N6:P6),"") -> 38
Y7: =SUM($N$7:$P$7) -> 0 | AB7: =IF(B7,SUM(N7:P7),"")
Y8: =SUM($N$8:$P$8) -> 0 | AB8: =IF(B8,SUM(N8:P8),"")
Y9: =SUM($N$9:$P$9) -> 0 | AB9: =IF(B9,SUM(N9:P9),"")
Y10: =SUM($N$10:$P$10) -> 0 | AB10: =IF(B10,SUM(N10:P10),"")
Y11: =SUM($N$11:$P$11) -> 0 | AB11: =IF(B11,SUM(N11:P11),"")
Y12: =SUM($N$12:$P$12) -> 0 | AB12: =IF(B12,SUM(N12:P12),"")
Y13: =SUM($N$13:$P$13) -> 0 | AB13: =IF(B13,SUM(N13:P13),"")
Y14: =SUM($N$14:$P$14) -> 0 | AB14: =IF(B14,SUM(N14:P14),"")
Y15: =SUM($N$15:$P$15) -> 0 | AB15: =IF(B15,SUM(N15:P15),"")
Y16: =SUM($N$16:$P$16) -> 0 | AB16: =IF(B16,SUM(N16:P16),"")
Y17: =SUM($N$17:$P$17) -> 0 | AB17: =IF(B17,SUM(N17:P17),"")
Y18: =SUM($N$18:$P$18) -> 0 | AB18: =IF(B18,SUM(N18:P18),"")
Y19: =SUM($N$19:$P$19) -> 0 | AB19: =IF(B19,SUM(N19:P19),"")
Y20: =SUM($N$20:$P$20) -> 0 | AB20: =IF(B20,SUM(N20:P20),"")
Y21: =SUM(M21:O21) -> 0
Y22: =SUM(M22:O22) -> 0
Y23: =SUM(M23:O23) -> 0
Y24: =SUM(M24:O24) -> 0
Y25: =SUM(M25:O25) -> 0
Y26: =SUM(M26:O26) -> 0
Y27: =SUM(M27:O27) -> 0
Y28: =SUM(M28:O28) -> 0
Y29: =SUM(M29:O29) -> 0
Y30: =SUM(M30:O30) -> 0
Y31: =SUM(M31:O31) -> 0
Y32: =SUM(M32:O32) -> 0
Y33: =SUM(M33:O33) -> 0

Sheet 2662
A1: 2662
A2: Scouter Initials | B2: Match Number | C2: Robot | D2: Team Number | E2: Starting Position | F2: No Show | G2: Preload | H2: Moved? | I2: Shoot | J2: Climbing | K2: PickUp Ground | L2: PickUP Human Player | M2: PickUp Depot | N2: +1 | O2: +3 | P2: +5 | Q2: Amount in Hub | R2: Defence/ to other side | S2: End Position | T2: Died? | U2: Tipped/Fell Over? | V2: Comments | W2: driver skill
A3: {=_xlfn._xlws.FILTER(Tabel1[], Tabel1[Team Number]=A1, "Geen resultaten")} -> LeoV | B3: 2 | C3: B3 | D3: 2662 | E3: D | F3: false | G3: false | H3: false | I3: false | J3: NA | K3: true | L3: false | M3: false | N3: 0 | O3: 0 | P3: 0 | Q3: 1 | R3: false | S3: NA | T3: false | U3: false | V3: Looks like ilthenintake broke and the they did not shoot | W3: 2 | Y3: =SUM($N$3:$P$3) -> 0 | AB3: =IF(B3,SUM(N3:P3),"") -> 0
A4: Joep | B4: 28 | C4: B2 | D4: 2662 | E4: H | F4: false | G4: true | H4: false | I4: false | J4: NA | K4: true | L4: false | M4: false | N4: 4 | O4: 0 | P4: 0 | Q4: 50 | R4: false | S4: NA | T4: false | U4: false | V4: Intake didn't work well | W4: 3 | Y4: =SUM($N$4:$P$4) -> 4 | AB4: =IF(B4,SUM(N4:P4),"") -> 4
